,Ticker 1,Ticker 2,t value,p value,c value,Hedge Ratio,Zero Crossings
1516,HOTUSDT,SCUSDT,-3.77,0.01,-3.37,0.63,55
1869,QTUMUSDT,REEFUSDT,-4.16,0.0,-3.37,816.65,54
703,BELUSDT,REEFUSDT,-4.31,0.0,-3.37,171.9,50
474,ANKRUSDT,BAKEUSDT,-3.8,0.01,-3.37,0.12,50
1878,QTUMUSDT,UNFIUSDT,-6.48,0.0,-3.37,0.5,50
861,BTCUSDT,REQUSDT,-3.74,0.02,-3.37,194080.65,47
1148,DODOUSDT,UNFIUSDT,-5.24,0.0,-3.37,0.03,47
913,CELRUSDT,DODOUSDT,-3.55,0.03,-3.37,0.1,46
1212,EOSUSDT,VETUSDT,-4.99,0.0,-3.37,54.84,45
1542,ICXUSDT,ZRXUSDT,-4.24,0.0,-3.37,0.95,44
608,BAKEUSDT,ONEUSDT,-3.93,0.01,-3.37,12.89,44
1940,RNDRUSDT,SCUSDT,-5.47,0.0,-3.37,179.48,44
971,CREAMUSDT,MKRUSDT,-5.66,0.0,-3.37,0.02,44
716,BELUSDT,TLMUSDT,-3.78,0.01,-3.37,32.39,44
502,ANKRUSDT,ONEUSDT,-4.65,0.0,-3.37,1.55,44
744,BLZUSDT,KNCUSDT,-4.15,0.0,-3.37,0.11,44
153,1INCHUSDT,CEEKUSDT,-3.5,0.03,-3.37,5.21,43
1548,ILVUSDT,SCUSDT,-4.78,0.0,-3.37,17000.94,43
1950,RNDRUSDT,THETAUSDT,-5.85,0.0,-3.37,0.55,43
505,ANKRUSDT,QTUMUSDT,-4.94,0.0,-3.37,0.01,43
929,CELRUSDT,UNFIUSDT,-3.42,0.04,-3.37,0.0,43
717,BELUSDT,UNFIUSDT,-3.4,0.04,-3.37,0.1,43
1146,DODOUSDT,REEFUSDT,-3.46,0.04,-3.37,41.24,43
1145,DODOUSDT,QTUMUSDT,-4.05,0.01,-3.37,0.05,42
1628,KNCUSDT,XTZUSDT,-5.18,0.0,-3.37,0.64,42
506,ANKRUSDT,REEFUSDT,-4.19,0.0,-3.37,6.84,42
430,ALICEUSDT,BAKEUSDT,-3.93,0.01,-3.37,8.24,42
1532,ICXUSDT,QTUMUSDT,-3.96,0.01,-3.37,0.08,42
1270,FITFIUSDT,ROSEUSDT,-4.9,0.0,-3.37,0.64,41
684,BELUSDT,FITFIUSDT,-4.05,0.01,-3.37,17.47,41
615,BALUSDT,BSVUSDT,-4.16,0.0,-3.37,0.13,41
1856,PEOPLEUSDT,QNTUSDT,-3.42,0.04,-3.37,0.0,41
1280,FITFIUSDT,SUSHIUSDT,-3.5,0.03,-3.37,0.02,40
897,C98USDT,STXUSDT,-4.46,0.0,-3.37,0.75,40
1268,FITFIUSDT,REEFUSDT,-4.34,0.0,-3.37,9.84,40
2050,SCUSDT,SXPUSDT,-3.4,0.04,-3.37,0.01,40
1566,INJUSDT,KNCUSDT,-4.75,0.0,-3.37,2.78,40
1973,RSRUSDT,SKLUSDT,-4.18,0.0,-3.37,0.14,40
1756,MTLUSDT,SLPUSDT,-6.82,0.0,-3.37,336.74,40
1874,QTUMUSDT,SCRTUSDT,-4.19,0.0,-3.37,3.05,39
1651,LINAUSDT,QTUMUSDT,-3.37,0.05,-3.37,0.0,39
508,ANKRUSDT,ROSEUSDT,-4.15,0.0,-3.37,0.45,39
2037,SCRTUSDT,STORJUSDT,-4.37,0.0,-3.37,2.47,39
1337,GALUSDT,RSRUSDT,-3.64,0.02,-3.37,362.09,39
2098,TLMUSDT,UNFIUSDT,-3.6,0.02,-3.37,0.0,39
1028,CRVUSDT,SCUSDT,-3.41,0.04,-3.37,233.7,39
401,AKROUSDT,XRPUSDT,-4.57,0.0,-3.37,0.01,39
657,BATUSDT,ZRXUSDT,-3.97,0.01,-3.37,1.12,39
460,ALICEUSDT,ROSEUSDT,-3.83,0.01,-3.37,30.63,39
951,COMPUSDT,FILUSDT,-4.55,0.0,-3.37,10.13,38
1985,RSS3USDT,SLPUSDT,-4.23,0.0,-3.37,50.58,38
908,CEEKUSDT,NEOUSDT,-4.13,0.0,-3.37,0.01,38
1955,RNDRUSDT,VETUSDT,-3.48,0.03,-3.37,25.58,38
1816,ONEUSDT,RVNUSDT,-3.49,0.03,-3.37,0.53,38
707,BELUSDT,RUNEUSDT,-5.16,0.0,-3.37,0.3,38
371,AKROUSDT,RSS3USDT,-3.86,0.01,-3.37,0.03,38
2074,STORJUSDT,TLMUSDT,-3.73,0.02,-3.37,20.44,38
2076,STXUSDT,THETAUSDT,-3.42,0.04,-3.37,0.29,38
450,ALICEUSDT,INJUSDT,-3.49,0.03,-3.37,0.83,38
368,AKROUSDT,REQUSDT,-3.66,0.02,-3.37,0.04,37
1011,CRVUSDT,MINAUSDT,-3.44,0.04,-3.37,1.21,37
2059,SHIB1000USDT,SXPUSDT,-3.79,0.01,-3.37,0.04,37
1279,FITFIUSDT,STMXUSDT,-4.74,0.0,-3.37,6.23,37
1123,DGBUSDT,ENJUSDT,-3.42,0.04,-3.37,0.03,37
397,AKROUSDT,XEMUSDT,-3.73,0.02,-3.37,0.11,37
1804,OMGUSDT,STORJUSDT,-4.05,0.01,-3.37,4.18,37
1134,DGBUSDT,REEFUSDT,-3.95,0.01,-3.37,3.42,37
442,ALICEUSDT,FITFIUSDT,-4.55,0.0,-3.37,47.68,37
672,BELUSDT,BSVUSDT,-4.53,0.0,-3.37,0.01,37
1236,FILUSDT,RVNUSDT,-5.17,0.0,-3.37,164.46,37
482,ANKRUSDT,CELRUSDT,-5.15,0.0,-3.37,1.63,37
1884,REEFUSDT,SCRTUSDT,-4.27,0.0,-3.37,0.0,37
822,BSVUSDT,STORJUSDT,-4.02,0.01,-3.37,167.74,37
1151,DOGEUSDT,FITFIUSDT,-3.64,0.02,-3.37,3.11,37
921,CELRUSDT,LINAUSDT,-3.81,0.01,-3.37,1.93,37
2073,STMXUSDT,ZRXUSDT,-3.45,0.04,-3.37,0.02,37
727,BICOUSDT,ILVUSDT,-3.66,0.02,-3.37,0.01,36
963,CREAMUSDT,CROUSDT,-3.96,0.01,-3.37,183.26,36
95,1000BTTUSDT,PAXGUSDT,-3.93,0.01,-3.37,0.0,36
882,C98USDT,GTCUSDT,-3.57,0.03,-3.37,0.12,36
1888,REEFUSDT,STORJUSDT,-3.91,0.01,-3.37,0.01,36
1263,FITFIUSDT,NEOUSDT,-4.23,0.0,-3.37,0.0,36
1891,REEFUSDT,UNFIUSDT,-3.77,0.02,-3.37,0.0,36
1654,LINAUSDT,ROSEUSDT,-3.48,0.03,-3.37,0.14,36
1798,OMGUSDT,REEFUSDT,-3.61,0.02,-3.37,452.93,36
586,AXSUSDT,RSRUSDT,-4.19,0.0,-3.37,2173.12,36
510,ANKRUSDT,RVNUSDT,-3.96,0.01,-3.37,0.82,36
483,ANKRUSDT,COMPUSDT,-4.02,0.01,-3.37,0.0,36
1744,MTLUSDT,REQUSDT,-3.84,0.01,-3.37,8.02,36
777,BOBAUSDT,PEOPLEUSDT,-3.54,0.03,-3.37,8.08,36
778,BOBAUSDT,QNTUSDT,-3.9,0.01,-3.37,0.0,36
954,COMPUSDT,ONEUSDT,-3.59,0.03,-3.37,3135.61,36
304,AKROUSDT,DENTUSDT,-3.75,0.02,-3.37,4.44,36
1483,GTCUSDT,RENUSDT,-3.47,0.03,-3.37,20.96,35
1557,IMXUSDT,RSRUSDT,-3.61,0.02,-3.37,134.86,35
1117,DENTUSDT,TRXUSDT,-4.42,0.0,-3.37,0.01,35
1273,FITFIUSDT,RVNUSDT,-3.57,0.03,-3.37,1.18,35
1295,FITFIUSDT,ZILUSDT,-4.3,0.0,-3.37,1.38,35
1247,FITFIUSDT,HOTUSDT,-3.56,0.03,-3.37,15.77,35
1252,FITFIUSDT,IOTAUSDT,-4.24,0.0,-3.37,0.13,35
1444,GMXUSDT,XEMUSDT,-5.02,0.0,-3.37,1434.46,35
1440,GMXUSDT,USDCUSDT,-4.73,0.0,-3.37,41.43,35
1082,DASHUSDT,IMXUSDT,-3.51,0.03,-3.37,109.48,35
1031,CRVUSDT,SLPUSDT,-4.02,0.01,-3.37,260.78,35
1201,ENJUSDT,RNDRUSDT,-4.78,0.0,-3.37,0.6,35
1549,ILVUSDT,STXUSDT,-4.48,0.0,-3.37,181.08,35
499,ANKRUSDT,LINAUSDT,-3.56,0.03,-3.37,3.15,35
157,1INCHUSDT,LINKUSDT,-3.44,0.04,-3.37,0.07,35
1115,DENTUSDT,SUNUSDT,-4.63,0.0,-3.37,0.13,35
817,BSVUSDT,SCRTUSDT,-5.58,0.0,-3.37,67.89,35
1982,RSS3USDT,SFPUSDT,-4.15,0.0,-3.37,0.26,35
967,CREAMUSDT,KDAUSDT,-3.88,0.01,-3.37,11.97,35
1958,RNDRUSDT,XLMUSDT,-4.61,0.0,-3.37,5.63,35
833,BSWUSDT,INJUSDT,-3.85,0.01,-3.37,0.13,35
857,BTCUSDT,PAXGUSDT,-3.8,0.01,-3.37,9.11,35
552,AUDIOUSDT,IOSTUSDT,-3.85,0.01,-3.37,19.18,34
2046,SCUSDT,SHIB1000USDT,-4.22,0.0,-3.37,0.28,34
2062,SHIB1000USDT,XMRUSDT,-4.27,0.0,-3.37,0.0,34
1256,FITFIUSDT,LOOKSUSDT,-4.91,0.0,-3.37,0.15,34
427,ALICEUSDT,ANKRUSDT,-3.95,0.01,-3.37,68.55,34
1267,FITFIUSDT,QNTUSDT,-4.77,0.0,-3.37,0.0,34
740,BLZUSDT,DASHUSDT,-3.89,0.01,-3.37,0.0,34
1512,HOTUSDT,RNDRUSDT,-4.95,0.0,-3.37,0.0,34
892,C98USDT,RNDRUSDT,-3.87,0.01,-3.37,0.39,34
162,1INCHUSDT,RNDRUSDT,-4.18,0.0,-3.37,0.95,34
773,BOBAUSDT,LRCUSDT,-3.84,0.01,-3.37,0.86,34
609,BAKEUSDT,REEFUSDT,-3.38,0.04,-3.37,56.94,34
1822,ONTUSDT,QNTUSDT,-3.4,0.04,-3.37,0.0,34
1473,GTCUSDT,LINKUSDT,-5.59,0.0,-3.37,0.23,34
1308,FTMUSDT,GRTUSDT,-3.84,0.01,-3.37,3.59,34
1054,DARUSDT,GALUSDT,-3.65,0.02,-3.37,0.11,33
756,BLZUSDT,XTZUSDT,-3.95,0.01,-3.37,0.07,33
2039,SCRTUSDT,THETAUSDT,-4.25,0.0,-3.37,0.84,33
1946,RNDRUSDT,STORJUSDT,-5.19,0.0,-3.37,1.63,33
2051,SCUSDT,THETAUSDT,-3.56,0.03,-3.37,0.0,33
471,ALICEUSDT,ZRXUSDT,-3.57,0.03,-3.37,7.07,33
658,BCHUSDT,BSVUSDT,-4.39,0.0,-3.37,2.35,33
2038,SCRTUSDT,SXPUSDT,-4.81,0.0,-3.37,3.02,33
1949,RNDRUSDT,SXPUSDT,-5.08,0.0,-3.37,2.0,33
509,ANKRUSDT,RUNEUSDT,-3.93,0.01,-3.37,0.01,33
1828,ONTUSDT,SCRTUSDT,-4.12,0.0,-3.37,0.25,33
159,1INCHUSDT,LUNA2USDT,-3.71,0.02,-3.37,0.3,33
889,C98USDT,OMGUSDT,-3.97,0.01,-3.37,0.15,33
1722,MATICUSDT,QTUMUSDT,-3.39,0.04,-3.37,0.41,33
1715,MANAUSDT,SNXUSDT,-3.87,0.01,-3.37,0.2,33
1530,ICXUSDT,MATICUSDT,-4.08,0.01,-3.37,0.19,33
189,AAVEUSDT,XTZUSDT,-3.48,0.03,-3.37,72.53,33
973,CREAMUSDT,QNTUSDT,-4.12,0.0,-3.37,0.1,33
229,ACHUSDT,SCUSDT,-3.5,0.03,-3.37,3.47,33
1192,EGLDUSDT,PEOPLEUSDT,-3.99,0.01,-3.37,1620.1,33
550,AUDIOUSDT,DYDXUSDT,-3.86,0.01,-3.37,0.12,33
1795,OGNUSDT,TLMUSDT,-3.8,0.01,-3.37,7.15,33
1147,DODOUSDT,RNDRUSDT,-3.57,0.03,-3.37,0.23,33
1306,FLMUSDT,STMXUSDT,-4.28,0.0,-3.37,20.08,33
1707,LUNA2USDT,NEOUSDT,-3.43,0.04,-3.37,0.2,33
1474,GTCUSDT,LITUSDT,-4.13,0.0,-3.37,1.84,33
1284,FITFIUSDT,TOMOUSDT,-4.1,0.01,-3.37,0.09,33
1258,FITFIUSDT,LUNA2USDT,-3.89,0.01,-3.37,0.02,33
258,AGLDUSDT,RSS3USDT,-3.42,0.04,-3.37,2.62,32
1723,MATICUSDT,SCRTUSDT,-3.63,0.02,-3.37,1.25,32
1724,MATICUSDT,STORJUSDT,-5.03,0.0,-3.37,3.1,32
1726,MATICUSDT,ZRXUSDT,-4.1,0.01,-3.37,5.06,32
902,C98USDT,VETUSDT,-3.49,0.03,-3.37,10.01,32
2034,SCRTUSDT,SCUSDT,-4.08,0.01,-3.37,271.53,32
1114,DENTUSDT,STGUSDT,-4.41,0.0,-3.37,0.0,32
248,ADAUSDT,RSRUSDT,-4.61,0.0,-3.37,87.09,32
1807,OMGUSDT,TLMUSDT,-3.6,0.02,-3.37,85.34,32
182,AAVEUSDT,QNTUSDT,-3.55,0.03,-3.37,0.49,32
523,API3USDT,QNTUSDT,-3.52,0.03,-3.37,0.01,32
1196,EGLDUSDT,SHIB1000USDT,-3.46,0.04,-3.37,4069.04,32
604,BAKEUSDT,IOSTUSDT,-4.04,0.01,-3.37,18.95,32
1583,IOSTUSDT,ROSEUSDT,-4.41,0.0,-3.37,0.2,32
1287,FITFIUSDT,UNIUSDT,-3.97,0.01,-3.37,0.0,32
1823,ONTUSDT,REEFUSDT,-3.66,0.02,-3.37,66.74,32
1412,GMXUSDT,RSS3USDT,-4.82,0.0,-3.37,399.06,32
1227,FILUSDT,GALUSDT,-3.52,0.03,-3.37,2.96,32
1296,FITFIUSDT,ZRXUSDT,-4.58,0.0,-3.37,0.15,32
575,AXSUSDT,GMTUSDT,-4.04,0.01,-3.37,26.21,32
475,ANKRUSDT,BATUSDT,-3.48,0.03,-3.37,0.09,32
1248,FITFIUSDT,ICXUSDT,-4.06,0.01,-3.37,0.16,32
1573,INJUSDT,WAVESUSDT,-4.31,0.0,-3.37,0.97,32
1283,FITFIUSDT,THETAUSDT,-5.12,0.0,-3.37,0.03,32
2091,SXPUSDT,UNFIUSDT,-3.52,0.03,-3.37,0.05,31
825,BSVUSDT,UNFIUSDT,-4.11,0.01,-3.37,11.09,31
533,APTUSDT,LTCUSDT,-4.76,0.0,-3.37,0.05,31
1223,ETHWUSDT,WAVESUSDT,-3.84,0.01,-3.37,2.31,31
1285,FITFIUSDT,TRBUSDT,-4.83,0.0,-3.37,0.0,31
2079,STXUSDT,TRBUSDT,-3.64,0.02,-3.37,0.02,31
1466,GRTUSDT,STMXUSDT,-4.35,0.0,-3.37,16.04,31
823,BSVUSDT,STXUSDT,-3.44,0.04,-3.37,196.35,31
2080,STXUSDT,UNFIUSDT,-3.97,0.01,-3.37,0.06,31
786,BOBAUSDT,YGGUSDT,-5.02,0.0,-3.37,0.99,31
883,C98USDT,LINAUSDT,-3.71,0.02,-3.37,31.91,31
2075,STORJUSDT,ZRXUSDT,-5.03,0.0,-3.37,1.63,31
1564,IMXUSDT,XTZUSDT,-3.5,0.03,-3.37,0.54,31
2049,SCUSDT,STORJUSDT,-3.76,0.02,-3.37,0.01,31
513,ANKRUSDT,STORJUSDT,-3.84,0.01,-3.37,0.06,31
1244,FITFIUSDT,GALUSDT,-3.71,0.02,-3.37,0.02,31
1241,FITFIUSDT,FLMUSDT,-5.13,0.0,-3.37,0.31,31
2045,SCRTUSDT,ZRXUSDT,-4.04,0.01,-3.37,4.04,31
1585,IOSTUSDT,SCRTUSDT,-3.58,0.03,-3.37,0.01,31
277,AKROUSDT,BICOUSDT,-3.81,0.01,-3.37,0.01,31
501,ANKRUSDT,MATICUSDT,-4.09,0.01,-3.37,0.02,31
710,BELUSDT,SCRTUSDT,-4.53,0.0,-3.37,0.64,31
2113,YFIUSDT,ZILUSDT,-3.55,0.03,-3.37,320013.37,31
1832,ONTUSDT,SXPUSDT,-3.46,0.04,-3.37,0.75,31
1894,REEFUSDT,YGGUSDT,-4.21,0.0,-3.37,0.01,31
721,BELUSDT,ZRXUSDT,-3.81,0.01,-3.37,2.59,31
664,BCHUSDT,SCRTUSDT,-3.95,0.01,-3.37,159.72,31
1844,PAXGUSDT,REQUSDT,-3.69,0.02,-3.37,21301.23,31
630,BANDUSDT,STXUSDT,-3.4,0.04,-3.37,6.65,31
86,1000BTTUSDT,MTLUSDT,-3.48,0.03,-3.37,0.0,31
614,BALUSDT,BCHUSDT,-3.56,0.03,-3.37,0.05,31
599,BAKEUSDT,DODOUSDT,-4.16,0.0,-3.37,1.38,31
1910,RENUSDT,ZRXUSDT,-3.65,0.02,-3.37,0.41,31
177,AAVEUSDT,INJUSDT,-4.52,0.0,-3.37,41.11,31
715,BELUSDT,SXPUSDT,-4.04,0.01,-3.37,1.94,31
1890,REEFUSDT,TLMUSDT,-3.76,0.02,-3.37,0.19,31
975,CREAMUSDT,RNDRUSDT,-4.03,0.01,-3.37,25.81,31
581,AXSUSDT,LOOKSUSDT,-4.53,0.0,-3.37,42.07,31
743,BLZUSDT,INJUSDT,-3.42,0.04,-3.37,0.04,31
662,BCHUSDT,MATICUSDT,-3.69,0.02,-3.37,127.49,31
927,CELRUSDT,SCRTUSDT,-3.45,0.04,-3.37,0.02,31
1748,MTLUSDT,RSS3USDT,-3.89,0.01,-3.37,6.66,31
1778,MTLUSDT,XEMUSDT,-3.57,0.03,-3.37,23.93,31
1896,REEFUSDT,ZRXUSDT,-3.47,0.04,-3.37,0.02,30
409,ALGOUSDT,APEUSDT,-4.34,0.0,-3.37,0.05,30
489,ANKRUSDT,FLMUSDT,-3.93,0.01,-3.37,0.22,30
596,BAKEUSDT,COMPUSDT,-3.76,0.02,-3.37,0.0,30
1739,MTLUSDT,PAXGUSDT,-4.91,0.0,-3.37,0.0,30
1158,DOGEUSDT,RNDRUSDT,-3.55,0.03,-3.37,0.17,30
1111,DENTUSDT,RSS3USDT,-4.13,0.0,-3.37,0.01,30
1762,MTLUSDT,STXUSDT,-4.45,0.0,-3.37,3.21,30
814,BSVUSDT,QNTUSDT,-4.06,0.01,-3.37,0.39,30
477,ANKRUSDT,BLZUSDT,-3.75,0.02,-3.37,0.31,30
1660,LINAUSDT,XTZUSDT,-3.45,0.04,-3.37,0.01,30
1023,CRVUSDT,RNDRUSDT,-3.97,0.01,-3.37,1.3,30
497,ANKRUSDT,KNCUSDT,-4.67,0.0,-3.37,0.03,30
1959,RNDRUSDT,XMRUSDT,-3.52,0.03,-3.37,0.0,30
1143,DODOUSDT,LINAUSDT,-3.71,0.02,-3.37,18.98,30
383,AKROUSDT,SUNUSDT,-3.87,0.01,-3.37,0.6,30
1015,CRVUSDT,ONEUSDT,-3.86,0.01,-3.37,52.21,30
1540,ICXUSDT,STORJUSDT,-4.77,0.0,-3.37,0.58,30
886,C98USDT,LUNA2USDT,-3.53,0.03,-3.37,0.12,30
1775,MTLUSDT,VETUSDT,-3.87,0.01,-3.37,43.0,30
437,ALICEUSDT,COMPUSDT,-3.47,0.04,-3.37,0.03,30
2001,RSS3USDT,TWTUSDT,-4.59,0.0,-3.37,0.07,30
1261,FITFIUSDT,MATICUSDT,-4.44,0.0,-3.37,0.03,30
779,BOBAUSDT,REEFUSDT,-3.71,0.02,-3.37,72.03,30
896,C98USDT,STORJUSDT,-3.55,0.03,-3.37,0.64,30
1866,QNTUSDT,SXPUSDT,-3.76,0.02,-3.37,531.51,30
1911,REQUSDT,RNDRUSDT,-4.2,0.0,-3.37,0.21,29
1235,FILUSDT,RSRUSDT,-3.99,0.01,-3.37,1070.78,29
1879,REEFUSDT,REQUSDT,-3.85,0.01,-3.37,0.03,29
556,AUDIOUSDT,ROSEUSDT,-3.47,0.04,-3.37,3.76,29
2044,SCRTUSDT,YGGUSDT,-3.72,0.02,-3.37,3.68,29
624,BANDUSDT,ILVUSDT,-4.04,0.01,-3.37,0.04,29
670,BCHUSDT,ZRXUSDT,-3.39,0.04,-3.37,644.84,29
878,C98USDT,CELOUSDT,-3.73,0.02,-3.37,0.33,29
1927,REQUSDT,XLMUSDT,-3.67,0.02,-3.37,1.18,29
1269,FITFIUSDT,RNDRUSDT,-4.91,0.0,-3.37,0.06,29
1574,INJUSDT,XTZUSDT,-3.49,0.03,-3.37,1.76,29
1154,DOGEUSDT,LITUSDT,-4.21,0.0,-3.37,0.1,29
1038,CRVUSDT,UNIUSDT,-3.38,0.05,-3.37,0.1,29
641,BATUSDT,FITFIUSDT,-3.79,0.01,-3.37,7.56,29
570,AXSUSDT,FILUSDT,-3.61,0.02,-3.37,2.03,29
1533,ICXUSDT,REEFUSDT,-4.34,0.0,-3.37,62.92,29
661,BCHUSDT,LOOKSUSDT,-4.1,0.01,-3.37,648.74,29
1605,JSTUSDT,STXUSDT,-3.59,0.03,-3.37,0.09,29
1343,GMTUSDT,GRTUSDT,-3.8,0.01,-3.37,4.18,29
1880,REEFUSDT,RNDRUSDT,-5.3,0.0,-3.37,0.01,29
907,CEEKUSDT,LITUSDT,-4.55,0.0,-3.37,0.1,29
542,ARUSDT,ENSUSDT,-3.72,0.02,-3.37,0.59,29
539,ARPAUSDT,GTCUSDT,-4.26,0.0,-3.37,0.02,29
1424,GMXUSDT,STGUSDT,-4.81,0.0,-3.37,113.96,29
1195,EGLDUSDT,SCRTUSDT,-3.96,0.01,-3.37,53.86,29
1199,ENJUSDT,REEFUSDT,-3.89,0.01,-3.37,106.49,29
933,CHRUSDT,XTZUSDT,-3.39,0.04,-3.37,0.15,29
702,BELUSDT,QTUMUSDT,-3.5,0.03,-3.37,0.21,29
2103,UNFIUSDT,ZRXUSDT,-3.63,0.02,-3.37,24.7,29
1674,LITUSDT,OMGUSDT,-3.43,0.04,-3.37,0.68,29
590,AXSUSDT,SKLUSDT,-3.61,0.02,-3.37,303.18,29
1968,ROSEUSDT,ZRXUSDT,-3.88,0.01,-3.37,0.23,29
1612,KLAYUSDT,SCRTUSDT,-3.59,0.03,-3.37,0.25,29
965,CREAMUSDT,ENJUSDT,-3.37,0.05,-3.37,42.93,29
1889,REEFUSDT,THETAUSDT,-4.13,0.0,-3.37,0.0,29
1480,GTCUSDT,NEOUSDT,-4.47,0.0,-3.37,0.21,29
1209,EOSUSDT,LINKUSDT,-3.4,0.04,-3.37,0.16,29
1180,DUSKUSDT,TLMUSDT,-3.74,0.02,-3.37,6.81,29
1217,ETHUSDT,SCRTUSDT,-3.47,0.04,-3.37,1971.62,29
1286,FITFIUSDT,UNFIUSDT,-5.38,0.0,-3.37,0.01,29
834,BSWUSDT,KNCUSDT,-3.48,0.03,-3.37,0.36,29
1624,KNCUSDT,SNXUSDT,-4.37,0.0,-3.37,0.31,29
731,BICOUSDT,RENUSDT,-4.96,0.0,-3.37,4.34,29
1393,GMXUSDT,MTLUSDT,-4.84,0.0,-3.37,59.93,29
804,BSVUSDT,ICXUSDT,-3.96,0.01,-3.37,289.18,29
431,ALICEUSDT,BELUSDT,-6.65,0.0,-3.37,2.73,29
1418,GMXUSDT,SFPUSDT,-5.01,0.0,-3.37,105.04,29
1813,ONEUSDT,REEFUSDT,-3.51,0.03,-3.37,4.42,29
924,CELRUSDT,QTUMUSDT,-3.76,0.02,-3.37,0.01,29
2072,STMXUSDT,YFIUSDT,-3.45,0.04,-3.37,0.0,28
1865,QNTUSDT,SHIB1000USDT,-3.74,0.02,-3.37,13287.0,28
698,BELUSDT,ONTUSDT,-3.59,0.03,-3.37,2.58,28
1863,QNTUSDT,SCRTUSDT,-4.18,0.0,-3.37,175.88,28
1939,RNDRUSDT,SCRTUSDT,-3.89,0.01,-3.37,0.66,28
1471,GTCUSDT,HBARUSDT,-3.72,0.02,-3.37,34.55,28
525,API3USDT,WAVESUSDT,-3.43,0.04,-3.37,0.79,28
766,BOBAUSDT,ETHUSDT,-3.5,0.03,-3.37,0.0,28
780,BOBAUSDT,SCRTUSDT,-3.8,0.01,-3.37,0.27,28
910,CELOUSDT,OMGUSDT,-3.89,0.01,-3.37,0.47,28
1218,ETHUSDT,SXPUSDT,-4.98,0.0,-3.37,5958.3,28
733,BICOUSDT,TRBUSDT,-3.55,0.03,-3.37,0.02,28
928,CELRUSDT,THETAUSDT,-3.6,0.02,-3.37,0.01,28
1588,IOSTUSDT,TLMUSDT,-3.7,0.02,-3.37,0.57,28
1664,LINKUSDT,NEOUSDT,-3.61,0.02,-3.37,0.88,28
1177,DUSKUSDT,LRCUSDT,-3.82,0.01,-3.37,0.43,28
728,BICOUSDT,JSTUSDT,-3.99,0.01,-3.37,13.63,28
1659,LINAUSDT,UNFIUSDT,-3.85,0.01,-3.37,0.0,28
627,BANDUSDT,RENUSDT,-3.37,0.05,-3.37,22.78,28
449,ALICEUSDT,IMXUSDT,-4.01,0.01,-3.37,2.72,28
1947,RNDRUSDT,STXUSDT,-4.23,0.0,-3.37,1.91,28
549,AUDIOUSDT,BAKEUSDT,-3.42,0.04,-3.37,1.01,28
1745,MTLUSDT,RNDRUSDT,-3.74,0.02,-3.37,1.68,28
1152,DOGEUSDT,ILVUSDT,-3.5,0.03,-3.37,0.0,28
145,1000XECUSDT,GALUSDT,-3.84,0.01,-3.37,0.02,28
761,BOBAUSDT,CROUSDT,-3.8,0.01,-3.37,2.89,28
439,ALICEUSDT,DASHUSDT,-3.48,0.03,-3.37,0.02,28
1551,IMXUSDT,KNCUSDT,-3.96,0.01,-3.37,0.85,28
30,1000BTTUSDT,BTCUSDT,-4.38,0.0,-3.37,0.0,28
1027,CRVUSDT,SCRTUSDT,-3.66,0.02,-3.37,0.86,28
1254,FITFIUSDT,KNCUSDT,-4.25,0.0,-3.37,0.05,28
432,ALICEUSDT,BLZUSDT,-3.54,0.03,-3.37,21.18,28
512,ANKRUSDT,SCRTUSDT,-4.1,0.01,-3.37,0.03,27
713,BELUSDT,STORJUSDT,-3.85,0.01,-3.37,1.58,27
888,C98USDT,MATICUSDT,-4.03,0.01,-3.37,0.21,27
737,BLZUSDT,BSWUSDT,-3.56,0.03,-3.37,0.3,27
931,CELRUSDT,ZRXUSDT,-3.5,0.03,-3.37,0.06,27
829,BSVUSDT,ZRXUSDT,-3.79,0.01,-3.37,274.09,27
1348,GMTUSDT,LOOKSUSDT,-4.66,0.0,-3.37,1.6,27
1365,GMXUSDT,ILVUSDT,-4.86,0.0,-3.37,1.06,27
548,ASTRUSDT,CEEKUSDT,-3.8,0.01,-3.37,0.52,27
898,C98USDT,THETAUSDT,-3.37,0.05,-3.37,0.22,27
503,ANKRUSDT,ONTUSDT,-3.73,0.02,-3.37,0.1,27
900,C98USDT,UNFIUSDT,-4.08,0.01,-3.37,0.04,27
1251,FITFIUSDT,IOSTUSDT,-4.81,0.0,-3.37,3.27,27
665,BCHUSDT,STORJUSDT,-3.54,0.03,-3.37,394.62,27
652,BATUSDT,SCRTUSDT,-4.11,0.01,-3.37,0.28,27
1265,FITFIUSDT,ONTUSDT,-3.52,0.03,-3.37,0.15,27
457,ALICEUSDT,REEFUSDT,-5.13,0.0,-3.37,469.21,27
1047,CTSIUSDT,RENUSDT,-3.88,0.01,-3.37,1.68,27
962,COTIUSDT,CREAMUSDT,-3.7,0.02,-3.37,0.01,27
462,ALICEUSDT,RUNEUSDT,-3.85,0.01,-3.37,0.83,27
616,BALUSDT,FITFIUSDT,-3.55,0.03,-3.37,232.42,27
1070,DARUSDT,RSRUSDT,-3.67,0.02,-3.37,40.93,27
679,BELUSDT,DGBUSDT,-3.48,0.03,-3.37,50.3,27
486,ANKRUSDT,DODOUSDT,-3.89,0.01,-3.37,0.17,27
487,ANKRUSDT,DOTUSDT,-3.53,0.03,-3.37,0.0,27
680,BELUSDT,EGLDUSDT,-3.72,0.02,-3.37,0.01,27
1288,FITFIUSDT,VETUSDT,-3.84,0.01,-3.37,1.42,27
752,BLZUSDT,SNXUSDT,-3.66,0.02,-3.37,0.03,27
1275,FITFIUSDT,SCRTUSDT,-4.09,0.01,-3.37,0.04,27
232,ACHUSDT,STXUSDT,-4.07,0.01,-3.37,0.04,27
101,1000BTTUSDT,REQUSDT,-3.71,0.02,-3.37,0.01,27
1860,PEOPLEUSDT,SCRTUSDT,-3.58,0.03,-3.37,0.03,27
2029,SANDUSDT,SKLUSDT,-3.39,0.04,-3.37,19.38,27
2066,SNXUSDT,SUSHIUSDT,-4.21,0.0,-3.37,1.58,27
1836,ONTUSDT,ZRXUSDT,-3.43,0.04,-3.37,1.01,27
212,ACHUSDT,GTCUSDT,-4.06,0.01,-3.37,0.01,27
1655,LINAUSDT,RVNUSDT,-3.51,0.03,-3.37,0.26,27
2012,RSS3USDT,XRPUSDT,-4.34,0.0,-3.37,0.3,27
1648,LINAUSDT,LINKUSDT,-3.82,0.01,-3.37,0.0,27
2093,SXPUSDT,XMRUSDT,-3.65,0.02,-3.37,0.0,27
257,AGLDUSDT,MTLUSDT,-3.62,0.02,-3.37,0.39,27
1830,ONTUSDT,SHIB1000USDT,-3.45,0.04,-3.37,18.81,27
1541,ICXUSDT,TLMUSDT,-3.51,0.03,-3.37,11.85,27
1477,GTCUSDT,LUNA2USDT,-3.99,0.01,-3.37,1.01,27
1562,IMXUSDT,SNXUSDT,-3.42,0.04,-3.37,0.26,27
1550,ILVUSDT,THETAUSDT,-3.55,0.03,-3.37,52.46,27
161,1INCHUSDT,REQUSDT,-3.92,0.01,-3.37,4.51,27
355,AKROUSDT,MTLUSDT,-3.67,0.02,-3.37,0.0,27
1594,IOTXUSDT,SXPUSDT,-3.42,0.04,-3.37,0.1,27
1800,OMGUSDT,RNDRUSDT,-3.93,0.01,-3.37,2.56,27
484,ANKRUSDT,CROUSDT,-3.67,0.02,-3.37,0.27,26
953,COMPUSDT,IOTXUSDT,-4.58,0.0,-3.37,1499.33,26
901,C98USDT,UNIUSDT,-4.0,0.01,-3.37,0.03,26
771,BOBAUSDT,INJUSDT,-4.42,0.0,-3.37,0.13,26
521,API3USDT,CREAMUSDT,-3.54,0.03,-3.37,0.1,26
1580,IOSTUSDT,REEFUSDT,-3.38,0.04,-3.37,3.0,26
957,COMPUSDT,REEFUSDT,-4.07,0.01,-3.37,13852.41,26
764,BOBAUSDT,ENJUSDT,-3.84,0.01,-3.37,0.68,26
1249,FITFIUSDT,IMXUSDT,-4.75,0.0,-3.37,0.06,26
515,ANKRUSDT,TLMUSDT,-3.95,0.01,-3.37,1.29,26
763,BOBAUSDT,DUSKUSDT,-3.78,0.01,-3.37,1.99,26
1992,RSS3USDT,SUNUSDT,-6.26,0.0,-3.37,20.26,26
762,BOBAUSDT,DODOUSDT,-4.21,0.0,-3.37,1.75,26
943,CHZUSDT,XNOUSDT,-4.8,0.0,-3.37,0.16,26
495,ANKRUSDT,ICXUSDT,-3.98,0.01,-3.37,0.11,26
958,COMPUSDT,RVNUSDT,-3.94,0.01,-3.37,1666.16,26
1479,GTCUSDT,MATICUSDT,-3.61,0.02,-3.37,1.69,26
1623,KNCUSDT,SCRTUSDT,-4.39,0.0,-3.37,0.76,26
453,ALICEUSDT,LOOKSUSDT,-4.47,0.0,-3.37,7.11,26
1334,GALUSDT,KNCUSDT,-3.48,0.03,-3.37,2.27,26
2077,STXUSDT,TLMUSDT,-3.37,0.05,-3.37,17.46,26
1081,DASHUSDT,FITFIUSDT,-3.6,0.02,-3.37,1916.03,26
1119,DENTUSDT,XEMUSDT,-3.4,0.04,-3.37,0.02,26
783,BOBAUSDT,SXPUSDT,-4.61,0.0,-3.37,0.81,26
166,AAVEUSDT,API3USDT,-3.71,0.02,-3.37,50.9,26
2088,SUSHIUSDT,XTZUSDT,-3.55,0.03,-3.37,1.3,26
631,BANDUSDT,TLMUSDT,-3.37,0.05,-3.37,116.06,26
1372,GMXUSDT,JSTUSDT,-4.86,0.0,-3.37,2073.19,26
835,BSWUSDT,QNTUSDT,-3.79,0.01,-3.37,0.0,26
1049,CVXUSDT,RSS3USDT,-3.55,0.03,-3.37,30.61,25
102,1000BTTUSDT,RNDRUSDT,-5.34,0.0,-3.37,0.0,25
573,AXSUSDT,FTMUSDT,-3.58,0.03,-3.37,30.54,25
1149,DODOUSDT,ZILUSDT,-3.64,0.02,-3.37,5.8,25
478,ANKRUSDT,BSVUSDT,-3.47,0.04,-3.37,0.0,25
1600,JSTUSDT,LITUSDT,-3.54,0.03,-3.37,0.03,25
1794,OGNUSDT,REQUSDT,-3.95,0.01,-3.37,1.02,25
959,COMPUSDT,SCRTUSDT,-3.53,0.03,-3.37,51.68,25
1827,ONTUSDT,RVNUSDT,-4.45,0.0,-3.37,8.03,25
1906,RENUSDT,VETUSDT,-4.03,0.01,-3.37,3.9,25
1799,OMGUSDT,REQUSDT,-3.74,0.02,-3.37,12.2,25
1591,IOTAUSDT,LUNA2USDT,-3.43,0.04,-3.37,0.14,25
1231,FILUSDT,ONEUSDT,-3.4,0.04,-3.37,309.49,25
464,ALICEUSDT,SCRTUSDT,-3.94,0.01,-3.37,1.75,25
613,BAKEUSDT,UNFIUSDT,-3.61,0.02,-3.37,0.03,25
1586,IOSTUSDT,SCUSDT,-3.52,0.03,-3.37,3.04,25
1953,RNDRUSDT,UNFIUSDT,-4.53,0.0,-3.37,0.11,25
160,1INCHUSDT,PAXGUSDT,-3.49,0.03,-3.37,0.0,25
140,1000LUNCUSDT,LUNA2USDT,-3.84,0.01,-3.37,0.12,25
1729,MINAUSDT,STXUSDT,-3.58,0.03,-3.37,2.06,25
1156,DOGEUSDT,NEOUSDT,-3.41,0.04,-3.37,0.01,25
1186,DYDXUSDT,LTCUSDT,-3.52,0.03,-3.37,0.02,25
659,BCHUSDT,CHRUSDT,-3.49,0.03,-3.37,904.6,25
125,1000BTTUSDT,VETUSDT,-5.49,0.0,-3.37,0.04,25
456,ALICEUSDT,QNTUSDT,-3.41,0.04,-3.37,0.01,25
233,ACHUSDT,THETAUSDT,-4.08,0.01,-3.37,0.01,25
682,BELUSDT,ETHUSDT,-4.15,0.0,-3.37,0.0,25
655,BATUSDT,TLMUSDT,-3.5,0.03,-3.37,14.02,25
1858,PEOPLEUSDT,RNDRUSDT,-3.71,0.02,-3.37,0.05,25
1885,REEFUSDT,SCUSDT,-3.53,0.03,-3.37,1.01,25
653,BATUSDT,STORJUSDT,-5.39,0.0,-3.37,0.69,25
517,ANKRUSDT,ZRXUSDT,-3.8,0.01,-3.37,0.1,25
648,BATUSDT,QTUMUSDT,-4.26,0.0,-3.37,0.09,25
985,CRVUSDT,DOGEUSDT,-3.56,0.03,-3.37,7.53,25
646,BATUSDT,MATICUSDT,-5.43,0.0,-3.37,0.22,25
1665,LINKUSDT,OMGUSDT,-4.22,0.0,-3.37,5.37,25
1897,RENUSDT,ROSEUSDT,-3.47,0.04,-3.37,1.76,25
1033,CRVUSDT,STXUSDT,-3.48,0.03,-3.37,2.49,25
249,ADAUSDT,WOOUSDT,-4.02,0.01,-3.37,2.04,25
1629,KNCUSDT,YGGUSDT,-3.46,0.04,-3.37,2.79,25
109,1000BTTUSDT,SCUSDT,-4.19,0.0,-3.37,0.27,25
666,BCHUSDT,SXPUSDT,-4.14,0.0,-3.37,482.66,25
824,BSVUSDT,SXPUSDT,-3.39,0.04,-3.37,205.16,25
174,AAVEUSDT,DASHUSDT,-3.88,0.01,-3.37,1.23,25
795,BSVUSDT,ETHUSDT,-3.6,0.02,-3.37,0.03,25
1511,HOTUSDT,REQUSDT,-3.85,0.01,-3.37,0.02,25
1538,ICXUSDT,SCRTUSDT,-3.96,0.01,-3.37,0.23,25
2025,RVNUSDT,SCRTUSDT,-3.7,0.02,-3.37,0.03,25
1546,ILVUSDT,REQUSDT,-3.79,0.01,-3.37,452.11,25
1490,HBARUSDT,XLMUSDT,-3.63,0.02,-3.37,0.52,25
1510,HOTUSDT,REEFUSDT,-5.48,0.0,-3.37,0.62,25
837,BSWUSDT,XTZUSDT,-3.48,0.03,-3.37,0.23,25
2030,SANDUSDT,SNXUSDT,-5.45,0.0,-3.37,0.27,25
287,AKROUSDT,CEEKUSDT,-3.62,0.02,-3.37,0.04,25
1988,RSS3USDT,STGUSDT,-5.19,0.0,-3.37,0.29,25
937,CHZUSDT,ETHWUSDT,-3.88,0.01,-3.37,0.03,25
1970,RSRUSDT,RVNUSDT,-3.96,0.01,-3.37,0.15,25
813,BSVUSDT,ONTUSDT,-3.46,0.04,-3.37,272.62,25
296,AKROUSDT,CREAMUSDT,-3.65,0.02,-3.37,0.0,25
914,CELRUSDT,FLMUSDT,-3.91,0.01,-3.37,0.13,25
1966,ROSEUSDT,SCRTUSDT,-4.19,0.0,-3.37,0.06,25
2069,SNXUSDT,XTZUSDT,-3.74,0.02,-3.37,2.05,25
890,C98USDT,QTUMUSDT,-4.24,0.0,-3.37,0.08,25
807,BSVUSDT,KLAYUSDT,-3.8,0.01,-3.37,272.54,25
2112,YFIUSDT,ZECUSDT,-4.41,0.0,-3.37,134.56,25
774,BOBAUSDT,MANAUSDT,-4.48,0.0,-3.37,0.53,25
335,AKROUSDT,JSTUSDT,-3.94,0.01,-3.37,0.15,25
1336,GALUSDT,QNTUSDT,-3.95,0.01,-3.37,0.01,25
1381,GMXUSDT,LITUSDT,-5.12,0.0,-3.37,58.02,25
2095,SXPUSDT,YGGUSDT,-3.71,0.02,-3.37,1.22,25
690,BELUSDT,ICXUSDT,-4.73,0.0,-3.37,2.73,24
991,CRVUSDT,FITFIUSDT,-3.94,0.01,-3.37,23.44,24
1272,FITFIUSDT,RUNEUSDT,-4.4,0.0,-3.37,0.02,24
695,BELUSDT,LOOKSUSDT,-5.05,0.0,-3.37,2.61,24
1003,CRVUSDT,KLAYUSDT,-3.44,0.04,-3.37,3.45,24
1521,HOTUSDT,TLMUSDT,-3.53,0.03,-3.37,0.12,24
1668,LINKUSDT,THETAUSDT,-3.54,0.03,-3.37,7.61,24
346,AKROUSDT,LPTUSDT,-4.09,0.01,-3.37,0.0,24
1006,CRVUSDT,LINKUSDT,-3.42,0.04,-3.37,0.09,24
1492,HNTUSDT,OCEANUSDT,-4.38,0.0,-3.37,9.54,24
152,1INCHUSDT,C98USDT,-3.55,0.03,-3.37,2.42,24
1881,REEFUSDT,RUNEUSDT,-3.52,0.03,-3.37,0.0,24
770,BOBAUSDT,IMXUSDT,-4.57,0.0,-3.37,0.42,24
673,BELUSDT,BSWUSDT,-3.98,0.01,-3.37,2.35,24
1872,QTUMUSDT,ROSEUSDT,-3.9,0.01,-3.37,53.31,24
1164,DOTUSDT,FTMUSDT,-3.58,0.03,-3.37,21.33,24
2081,STXUSDT,UNIUSDT,-3.39,0.04,-3.37,0.04,24
1484,GTCUSDT,RNDRUSDT,-4.49,0.0,-3.37,3.2,24
2035,SCRTUSDT,SHIB1000USDT,-3.68,0.02,-3.37,75.54,24
2040,SCRTUSDT,TLMUSDT,-3.59,0.03,-3.37,50.49,24
1167,DOTUSDT,IMXUSDT,-3.52,0.03,-3.37,11.25,24
245,ADAUSDT,GALUSDT,-3.68,0.02,-3.37,0.24,24
676,BELUSDT,CROUSDT,-4.5,0.0,-3.37,6.89,24
1264,FITFIUSDT,OGNUSDT,-3.59,0.03,-3.37,0.26,24
1611,KLAYUSDT,QNTUSDT,-3.59,0.03,-3.37,0.0,24
451,ALICEUSDT,KNCUSDT,-4.42,0.0,-3.37,2.31,24
1239,FILUSDT,SKLUSDT,-3.93,0.01,-3.37,149.38,24
597,BAKEUSDT,CROUSDT,-3.5,0.03,-3.37,2.28,24
178,AAVEUSDT,IOTXUSDT,-4.23,0.0,-3.37,2515.89,24
1230,FILUSDT,LOOKSUSDT,-4.13,0.0,-3.37,20.73,24
170,AAVEUSDT,BELUSDT,-4.07,0.01,-3.37,135.22,24
1225,FILUSDT,FTMUSDT,-3.47,0.04,-3.37,15.05,24
1941,RNDRUSDT,SHIB1000USDT,-3.88,0.01,-3.37,49.93,24
218,ACHUSDT,JSTUSDT,-3.43,0.04,-3.37,0.4,24
1110,DENTUSDT,RENUSDT,-3.64,0.02,-3.37,0.01,24
188,AAVEUSDT,WAVESUSDT,-4.67,0.0,-3.37,39.97,24
912,CELOUSDT,TOMOUSDT,-3.52,0.03,-3.37,1.84,24
1536,ICXUSDT,ROSEUSDT,-3.81,0.01,-3.37,4.11,24
755,BLZUSDT,WAVESUSDT,-3.87,0.01,-3.37,0.04,24
2004,RSS3USDT,USDCUSDT,-4.16,0.0,-3.37,0.1,24
1338,GALUSDT,SWEATUSDT,-3.45,0.04,-3.37,101.19,24
618,BALUSDT,SCRTUSDT,-4.0,0.01,-3.37,8.53,23
1085,DASHUSDT,PEOPLEUSDT,-5.14,0.0,-3.37,2116.08,23
797,BSVUSDT,FITFIUSDT,-3.66,0.02,-3.37,1848.95,23
642,BATUSDT,FLMUSDT,-3.5,0.03,-3.37,2.35,23
640,BATUSDT,DOTUSDT,-3.48,0.03,-3.37,0.04,23
1046,CTSIUSDT,JSTUSDT,-3.6,0.02,-3.37,5.26,23
1083,DASHUSDT,INJUSDT,-4.3,0.0,-3.37,33.34,23
1421,GMXUSDT,SLPUSDT,-4.74,0.0,-3.37,20184.87,23
555,AUDIOUSDT,RNDRUSDT,-3.98,0.01,-3.37,0.33,23
884,C98USDT,LINKUSDT,-4.53,0.0,-3.37,0.03,23
172,AAVEUSDT,COMPUSDT,-3.57,0.03,-3.37,1.68,23
1817,ONEUSDT,SCRTUSDT,-3.52,0.03,-3.37,0.02,23
165,AAVEUSDT,ALICEUSDT,-3.43,0.04,-3.37,49.54,23
1402,GMXUSDT,PAXGUSDT,-4.81,0.0,-3.37,0.02,23
375,AKROUSDT,SFPUSDT,-3.63,0.02,-3.37,0.01,23
168,AAVEUSDT,BATUSDT,-4.21,0.0,-3.37,312.43,23
1163,DOTUSDT,FITFIUSDT,-3.59,0.03,-3.37,196.97,23
1039,CRVUSDT,VETUSDT,-4.37,0.0,-3.37,33.31,23
1806,OMGUSDT,SXPUSDT,-3.64,0.02,-3.37,5.11,23
811,BSVUSDT,MATICUSDT,-4.07,0.01,-3.37,54.19,23
1157,DOGEUSDT,RENUSDT,-3.43,0.04,-3.37,1.13,23
186,AAVEUSDT,SNXUSDT,-3.58,0.03,-3.37,35.33,23
629,BANDUSDT,SLPUSDT,-3.51,0.03,-3.37,696.46,23
1362,GMXUSDT,HOTUSDT,-4.94,0.0,-3.37,28618.2,23
1137,DGBUSDT,SCRTUSDT,-3.54,0.03,-3.37,0.01,23
818,BSVUSDT,SHIB1000USDT,-4.23,0.0,-3.37,5128.7,23
830,BSWUSDT,DASHUSDT,-3.74,0.02,-3.37,0.0,23
455,ALICEUSDT,PEOPLEUSDT,-3.54,0.03,-3.37,52.66,23
2052,SCUSDT,UNFIUSDT,-3.73,0.02,-3.37,0.0,23
972,CREAMUSDT,PEOPLEUSDT,-3.7,0.02,-3.37,513.2,23
1215,ETHUSDT,ONTUSDT,-3.51,0.03,-3.37,7917.56,23
1903,RENUSDT,TRBUSDT,-3.49,0.03,-3.37,0.01,23
1999,RSS3USDT,TRBUSDT,-4.19,0.0,-3.37,0.01,23
711,BELUSDT,SCUSDT,-4.23,0.0,-3.37,174.17,23
1905,RENUSDT,UNIUSDT,-4.09,0.01,-3.37,0.01,23
433,ALICEUSDT,BSVUSDT,-3.6,0.02,-3.37,0.03,23
1547,ILVUSDT,RNDRUSDT,-3.65,0.02,-3.37,94.72,23
719,BELUSDT,YGGUSDT,-3.71,0.02,-3.37,2.36,23
1925,REQUSDT,UNFIUSDT,-3.93,0.01,-3.37,0.02,23
436,ALICEUSDT,CELRUSDT,-3.48,0.03,-3.37,111.74,23
476,ANKRUSDT,BELUSDT,-3.85,0.01,-3.37,0.04,23
469,ALICEUSDT,UNFIUSDT,-3.81,0.01,-3.37,0.29,23
468,ALICEUSDT,TLMUSDT,-3.52,0.03,-3.37,88.4,23
950,COMPUSDT,ETHUSDT,-3.79,0.01,-3.37,0.03,23
78,1000BTTUSDT,LITUSDT,-4.94,0.0,-3.37,0.0,23
1570,INJUSDT,QNTUSDT,-4.07,0.01,-3.37,0.01,23
1965,RNDRUSDT,ZRXUSDT,-4.93,0.0,-3.37,2.67,23
705,BELUSDT,RNDRUSDT,-4.87,0.0,-3.37,0.97,23
1608,JSTUSDT,XEMUSDT,-3.87,0.01,-3.37,0.69,23
1535,ICXUSDT,RNDRUSDT,-5.12,0.0,-3.37,0.36,23
1662,LINAUSDT,ZRXUSDT,-3.41,0.04,-3.37,0.03,23
1282,FITFIUSDT,SXPUSDT,-4.85,0.0,-3.37,0.11,23
142,1000XECUSDT,CHZUSDT,-3.61,0.02,-3.37,0.22,23
516,ANKRUSDT,YFIUSDT,-3.49,0.03,-3.37,0.0,23
514,ANKRUSDT,SXPUSDT,-3.75,0.02,-3.37,0.08,23
1190,EGLDUSDT,KLAYUSDT,-3.62,0.02,-3.37,216.23,23
2023,RUNEUSDT,STORJUSDT,-3.45,0.04,-3.37,5.24,23
1207,ENSUSDT,STMXUSDT,-3.55,0.03,-3.37,3045.82,23
656,BATUSDT,UNFIUSDT,-4.09,0.01,-3.37,0.05,23
1899,RENUSDT,STMXUSDT,-3.68,0.02,-3.37,17.12,23
1290,FITFIUSDT,WOOUSDT,-3.6,0.02,-3.37,0.18,23
1021,CRVUSDT,RENUSDT,-4.04,0.01,-3.37,8.53,23
955,COMPUSDT,ONTUSDT,-5.0,0.0,-3.37,207.57,22
663,BCHUSDT,RNDRUSDT,-3.45,0.04,-3.37,241.63,22
947,COMPUSDT,CROUSDT,-3.49,0.03,-3.37,555.22,22
1864,QNTUSDT,SCUSDT,-3.54,0.03,-3.37,47758.12,22
1954,RNDRUSDT,UNIUSDT,-3.82,0.01,-3.37,0.08,22
675,BELUSDT,COMPUSDT,-4.15,0.0,-3.37,0.01,22
722,BICOUSDT,BSVUSDT,-3.41,0.04,-3.37,0.01,22
1036,CRVUSDT,TOMOUSDT,-3.44,0.04,-3.37,2.01,22
1050,CVXUSDT,SUNUSDT,-3.64,0.02,-3.37,620.39,22
1014,CRVUSDT,OMGUSDT,-4.65,0.0,-3.37,0.51,22
1882,REEFUSDT,RVNUSDT,-3.98,0.01,-3.37,0.12,22
970,CREAMUSDT,LRCUSDT,-3.43,0.04,-3.37,54.49,22
645,BATUSDT,LOOKSUSDT,-4.31,0.0,-3.37,1.13,22
1051,DARUSDT,DASHUSDT,-4.18,0.0,-3.37,0.0,22
836,BSWUSDT,SXPUSDT,-3.65,0.02,-3.37,0.83,22
701,BELUSDT,QNTUSDT,-3.85,0.01,-3.37,0.0,22
1809,OMGUSDT,UNFIUSDT,-3.92,0.01,-3.37,0.28,22
1780,MTLUSDT,XMRUSDT,-4.66,0.0,-3.37,0.0,22
1686,LOOKSUSDT,RUNEUSDT,-4.05,0.01,-3.37,0.12,22
1620,KNCUSDT,RSRUSDT,-3.73,0.02,-3.37,159.38,22
1162,DOGEUSDT,STORJUSDT,-3.69,0.02,-3.37,0.28,22
1559,IMXUSDT,RVNUSDT,-3.61,0.02,-3.37,20.71,22
446,ALICEUSDT,GRTUSDT,-4.26,0.0,-3.37,18.53,22
540,ARPAUSDT,LITUSDT,-3.45,0.04,-3.37,0.04,22
1691,LOOKSUSDT,STMXUSDT,-4.21,0.0,-3.37,41.76,22
490,ANKRUSDT,FTMUSDT,-3.96,0.01,-3.37,0.08,22
1360,GMXUSDT,HBARUSDT,-4.89,0.0,-3.37,1088.31,22
1193,EGLDUSDT,QNTUSDT,-4.37,0.0,-3.37,0.31,22
1728,MINAUSDT,RENUSDT,-3.45,0.04,-3.37,7.07,22
175,AAVEUSDT,ETHWUSDT,-3.39,0.04,-3.37,17.29,22
1482,GTCUSDT,REEFUSDT,-3.46,0.04,-3.37,566.69,22
301,AKROUSDT,CVXUSDT,-3.83,0.01,-3.37,0.0,22
500,ANKRUSDT,LOOKSUSDT,-5.2,0.0,-3.37,0.1,22
213,ACHUSDT,HBARUSDT,-3.54,0.03,-3.37,0.21,22
1606,JSTUSDT,TRBUSDT,-3.39,0.04,-3.37,0.0,21
1857,PEOPLEUSDT,REQUSDT,-3.47,0.04,-3.37,0.24,21
222,ACHUSDT,LUNA2USDT,-3.97,0.01,-3.37,0.01,21
1907,RENUSDT,WAVESUSDT,-3.53,0.03,-3.37,0.05,21
1029,CRVUSDT,SHIB1000USDT,-3.39,0.04,-3.37,65.01,21
343,AKROUSDT,LINKUSDT,-3.69,0.02,-3.37,0.0,21
143,1000XECUSDT,DARUSDT,-3.46,0.04,-3.37,0.19,21
1908,RENUSDT,XEMUSDT,-3.55,0.03,-3.37,2.17,21
1599,JSTUSDT,LINKUSDT,-3.55,0.03,-3.37,0.0,21
481,ANKRUSDT,C98USDT,-4.14,0.0,-3.37,0.1,21
1293,FITFIUSDT,YGGUSDT,-3.66,0.02,-3.37,0.13,21
527,APTUSDT,ARUSDT,-3.63,0.02,-3.37,0.56,21
1871,QTUMUSDT,RNDRUSDT,-4.74,0.0,-3.37,4.61,21
1904,RENUSDT,UNFIUSDT,-3.37,0.05,-3.37,0.02,21
536,APTUSDT,TOMOUSDT,-3.49,0.03,-3.37,13.69,21
667,BCHUSDT,UNFIUSDT,-3.38,0.04,-3.37,26.1,21
1206,ENSUSDT,RENUSDT,-3.53,0.03,-3.37,177.87,21
411,ALGOUSDT,CELRUSDT,-4.91,0.0,-3.37,18.5,21
2054,SCUSDT,ZILUSDT,-3.38,0.04,-3.37,0.14,21
1489,HBARUSDT,RNDRUSDT,-3.45,0.04,-3.37,0.09,21
2031,SANDUSDT,SXPUSDT,-3.39,0.04,-3.37,2.0,21
494,ANKRUSDT,HOTUSDT,-3.59,0.02,-3.37,10.97,21
122,1000BTTUSDT,TRBUSDT,-4.11,0.01,-3.37,0.0,21
781,BOBAUSDT,SNXUSDT,-4.08,0.01,-3.37,0.11,21
2048,SCUSDT,SNXUSDT,-3.53,0.03,-3.37,0.0,21
244,ADAUSDT,DASHUSDT,-4.14,0.0,-3.37,0.01,21
998,CRVUSDT,HOTUSDT,-3.75,0.02,-3.37,369.79,21
398,AKROUSDT,XLMUSDT,-3.75,0.02,-3.37,0.04,21
649,BATUSDT,REEFUSDT,-3.75,0.02,-3.37,74.4,21
1305,FLMUSDT,SCRTUSDT,-3.48,0.03,-3.37,0.12,21
424,ALGOUSDT,STMXUSDT,-3.89,0.01,-3.37,49.22,21
816,BSVUSDT,RUNEUSDT,-3.87,0.01,-3.37,32.0,21
1730,MINAUSDT,WAVESUSDT,-3.4,0.04,-3.37,0.33,21
2085,STXUSDT,ZRXUSDT,-3.57,0.03,-3.37,1.4,21
621,BANDUSDT,CRVUSDT,-4.8,0.0,-3.37,2.67,21
1735,MTLUSDT,OMGUSDT,-3.85,0.01,-3.37,0.66,21
1409,GMXUSDT,RNDRUSDT,-5.0,0.0,-3.37,100.77,21
1553,IMXUSDT,LOOKSUSDT,-3.91,0.01,-3.37,2.61,21
5,1000BTTUSDT,1INCHUSDT,-4.89,0.0,-3.37,0.0,21
440,ALICEUSDT,DODOUSDT,-4.19,0.0,-3.37,11.38,21
1981,RSS3USDT,SCUSDT,-4.25,0.0,-3.37,45.32,21
612,BAKEUSDT,TLMUSDT,-3.41,0.04,-3.37,10.73,21
1064,DARUSDT,OPUSDT,-3.42,0.04,-3.37,0.12,21
1991,RSS3USDT,STXUSDT,-4.12,0.0,-3.37,0.48,21
1819,ONEUSDT,UNFIUSDT,-3.61,0.02,-3.37,0.0,21
932,CHRUSDT,WAVESUSDT,-3.51,0.03,-3.37,0.08,21
941,CHZUSDT,QNTUSDT,-3.76,0.02,-3.37,0.0,21
977,CREAMUSDT,YGGUSDT,-3.46,0.04,-3.37,62.73,21
1172,DOTUSDT,STORJUSDT,-3.45,0.04,-3.37,17.87,21
557,AUDIOUSDT,UNFIUSDT,-3.43,0.04,-3.37,0.04,21
419,ALGOUSDT,LOOKSUSDT,-4.06,0.01,-3.37,1.18,21
643,BATUSDT,ICXUSDT,-4.15,0.0,-3.37,1.18,21
1582,IOSTUSDT,RNDRUSDT,-3.56,0.03,-3.37,0.02,21
561,AXSUSDT,BATUSDT,-3.54,0.03,-3.37,37.29,21
635,BATUSDT,BSVUSDT,-3.78,0.01,-3.37,0.0,21
1571,INJUSDT,SCRTUSDT,-4.29,0.0,-3.37,2.11,21
1427,GMXUSDT,STXUSDT,-4.82,0.0,-3.37,192.64,21
2020,RUNEUSDT,RVNUSDT,-3.51,0.03,-3.37,68.38,21
638,BATUSDT,CELRUSDT,-3.82,0.01,-3.37,17.72,21
760,BNBUSDT,QNTUSDT,-3.44,0.04,-3.37,2.29,21
745,BLZUSDT,LOOKSUSDT,-3.95,0.01,-3.37,0.34,20
472,ANKRUSDT,API3USDT,-4.29,0.0,-3.37,0.01,20
1545,ILVUSDT,RENUSDT,-4.17,0.0,-3.37,620.64,20
428,ALICEUSDT,API3USDT,-3.85,0.01,-3.37,1.03,20
255,AGLDUSDT,GMXUSDT,-3.59,0.03,-3.37,0.01,20
1558,IMXUSDT,RUNEUSDT,-3.97,0.01,-3.37,0.3,20
1485,GTCUSDT,SCRTUSDT,-3.45,0.04,-3.37,2.11,20
496,ANKRUSDT,IMXUSDT,-4.17,0.0,-3.37,0.04,20
1281,FITFIUSDT,SWEATUSDT,-3.43,0.04,-3.37,2.15,20
768,BOBAUSDT,HNTUSDT,-3.84,0.01,-3.37,0.1,20
968,CREAMUSDT,KLAYUSDT,-3.61,0.02,-3.37,68.5,20
1250,FITFIUSDT,INJUSDT,-4.54,0.0,-3.37,0.02,20
938,CHZUSDT,HNTUSDT,-3.99,0.01,-3.37,0.06,20
1618,KNCUSDT,QTUMUSDT,-3.49,0.03,-3.37,0.25,20
1589,IOSTUSDT,YFIUSDT,-3.5,0.03,-3.37,0.0,20
1621,KNCUSDT,RUNEUSDT,-3.87,0.01,-3.37,0.36,20
893,C98USDT,SCRTUSDT,-3.46,0.04,-3.37,0.26,20
831,BSWUSDT,EGLDUSDT,-3.8,0.01,-3.37,0.01,20
1048,CVCUSDT,DENTUSDT,-3.72,0.02,-3.37,111.77,20
891,C98USDT,REQUSDT,-4.13,0.0,-3.37,1.87,20
226,ACHUSDT,RENUSDT,-3.75,0.02,-3.37,0.13,20
1153,DOGEUSDT,LINKUSDT,-3.55,0.03,-3.37,0.01,20
538,ARPAUSDT,C98USDT,-3.58,0.03,-3.37,0.16,20
137,1000LUNCUSDT,CTSIUSDT,-4.2,0.0,-3.37,1.45,20
2097,THETAUSDT,ZRXUSDT,-3.47,0.04,-3.37,4.82,20
560,AVAXUSDT,WAVESUSDT,-3.42,0.04,-3.37,8.4,20
391,AKROUSDT,TWTUSDT,-3.85,0.01,-3.37,0.0,20
787,BSVUSDT,BSWUSDT,-3.88,0.01,-3.37,248.62,20
785,BOBAUSDT,XMRUSDT,-3.53,0.03,-3.37,0.0,20
543,ARUSDT,LOOKSUSDT,-3.66,0.02,-3.37,42.81,20
678,BELUSDT,DASHUSDT,-4.45,0.0,-3.37,0.01,20
524,API3USDT,SXPUSDT,-3.43,0.04,-3.37,5.15,20
2111,XTZUSDT,ZECUSDT,-4.02,0.01,-3.37,0.02,20
183,AAVEUSDT,QTUMUSDT,-3.89,0.01,-3.37,28.46,20
1204,ENSUSDT,FLOWUSDT,-3.37,0.05,-3.37,16.24,20
1205,ENSUSDT,LOOKSUSDT,-3.67,0.02,-3.37,72.9,20
1010,CRVUSDT,MATICUSDT,-4.9,0.0,-3.37,0.69,20
644,BATUSDT,KNCUSDT,-4.0,0.01,-3.37,0.37,20
1834,ONTUSDT,TLMUSDT,-3.62,0.02,-3.37,12.57,20
1671,LITUSDT,LUNA2USDT,-3.48,0.03,-3.37,0.55,20
1357,GMTUSDT,ZILUSDT,-3.65,0.02,-3.37,14.87,19
805,BSVUSDT,IMXUSDT,-3.86,0.01,-3.37,105.63,19
1432,GMXUSDT,THETAUSDT,-4.95,0.0,-3.37,55.81,19
2041,SCRTUSDT,UNFIUSDT,-4.47,0.0,-3.37,0.16,19
1359,GMXUSDT,GTCUSDT,-5.15,0.0,-3.37,31.5,19
810,BSVUSDT,LOOKSUSDT,-4.54,0.0,-3.37,275.74,19
1374,GMXUSDT,KDAUSDT,-4.83,0.0,-3.37,46.7,19
1380,GMXUSDT,LINKUSDT,-5.02,0.0,-3.37,7.34,19
3,1000BTTUSDT,1000LUNCUSDT,-3.8,0.01,-3.37,0.0,19
1257,FITFIUSDT,LTCUSDT,-3.87,0.01,-3.37,0.0,19
364,AKROUSDT,PAXGUSDT,-3.62,0.02,-3.37,0.0,19
1534,ICXUSDT,REQUSDT,-3.51,0.03,-3.37,1.69,19
2067,SNXUSDT,SXPUSDT,-4.65,0.0,-3.37,7.42,19
1434,GMXUSDT,TOMOUSDT,-4.89,0.0,-3.37,155.16,19
1529,ICXUSDT,LOOKSUSDT,-3.86,0.01,-3.37,0.95,19
43,1000BTTUSDT,DODOUSDT,-4.84,0.0,-3.37,0.01,19
2042,SCRTUSDT,WAVESUSDT,-4.28,0.0,-3.37,0.46,19
50,1000BTTUSDT,EOSUSDT,-5.21,0.0,-3.37,0.0,19
782,BOBAUSDT,SUSHIUSDT,-3.89,0.01,-3.37,0.17,19
1289,FITFIUSDT,WAVESUSDT,-4.11,0.0,-3.37,0.02,19
1291,FITFIUSDT,XMRUSDT,-3.66,0.02,-3.37,0.0,19
429,ALICEUSDT,AXSUSDT,-4.64,0.0,-3.37,0.17,19
2055,SCUSDT,ZRXUSDT,-4.27,0.0,-3.37,0.01,19
1503,HOTUSDT,LINAUSDT,-3.79,0.01,-3.37,0.29,19
1508,HOTUSDT,PAXGUSDT,-3.5,0.03,-3.37,0.0,19
1294,FITFIUSDT,ZECUSDT,-3.81,0.01,-3.37,0.0,19
1520,HOTUSDT,STORJUSDT,-3.4,0.04,-3.37,0.01,19
1472,GTCUSDT,JSTUSDT,-3.49,0.03,-3.37,65.81,19
2024,RUNEUSDT,SXPUSDT,-3.63,0.02,-3.37,6.41,19
2070,SNXUSDT,YGGUSDT,-3.45,0.04,-3.37,9.03,19
1445,GMXUSDT,XLMUSDT,-4.84,0.0,-3.37,567.49,19
2089,SUSHIUSDT,YGGUSDT,-3.68,0.02,-3.37,5.73,19
2000,RSS3USDT,TRXUSDT,-5.23,0.0,-3.37,1.92,19
1093,DENTUSDT,GLMRUSDT,-3.64,0.02,-3.37,0.0,19
64,1000BTTUSDT,HOTUSDT,-5.08,0.0,-3.37,0.43,19
626,BANDUSDT,MINAUSDT,-4.03,0.01,-3.37,3.22,19
519,APEUSDT,TOMOUSDT,-3.84,0.01,-3.37,14.57,19
1676,LITUSDT,ROSEUSDT,-3.37,0.05,-3.37,20.08,19
1681,LOOKSUSDT,PEOPLEUSDT,-3.51,0.03,-3.37,7.4,19
1997,RSS3USDT,TLMUSDT,-4.19,0.0,-3.37,8.43,19
1862,PEOPLEUSDT,XTZUSDT,-3.46,0.04,-3.37,0.03,19
541,ARPAUSDT,RENUSDT,-3.51,0.03,-3.37,0.42,19
223,ACHUSDT,NEOUSDT,-3.85,0.01,-3.37,0.0,19
1708,LUNA2USDT,UNIUSDT,-4.06,0.01,-3.37,0.24,19
1727,MINAUSDT,OMGUSDT,-3.68,0.02,-3.37,0.42,19
1835,ONTUSDT,XMRUSDT,-3.65,0.02,-3.37,0.0,19
567,AXSUSDT,DASHUSDT,-3.4,0.04,-3.37,0.15,19
1829,ONTUSDT,SCUSDT,-3.46,0.04,-3.37,67.62,19
1000,CRVUSDT,ILVUSDT,-4.01,0.01,-3.37,0.01,19
571,AXSUSDT,FITFIUSDT,-4.21,0.0,-3.37,281.94,19
208,ACHUSDT,FITFIUSDT,-3.68,0.02,-3.37,0.35,19
1743,MTLUSDT,RENUSDT,-3.43,0.04,-3.37,11.02,19
1770,MTLUSDT,TRBUSDT,-4.08,0.01,-3.37,0.06,19
1140,DODOUSDT,ICXUSDT,-3.57,0.03,-3.37,0.66,19
1132,DGBUSDT,ONEUSDT,-3.8,0.01,-3.37,0.77,19
611,BAKEUSDT,RNDRUSDT,-4.55,0.0,-3.37,0.32,19
1122,DENTUSDT,ZENUSDT,-4.0,0.01,-3.37,0.0,19
184,AAVEUSDT,RSRUSDT,-3.41,0.04,-3.37,18201.78,19
1392,GMXUSDT,MKRUSDT,-4.79,0.0,-3.37,0.08,19
1811,OMGUSDT,VETUSDT,-3.4,0.04,-3.37,65.4,19
518,APEUSDT,FITFIUSDT,-3.43,0.04,-3.37,170.27,19
1693,LOOKSUSDT,SXPUSDT,-3.69,0.02,-3.37,0.74,19
1673,LITUSDT,NEOUSDT,-3.74,0.02,-3.37,0.11,19
1901,RENUSDT,STXUSDT,-3.63,0.02,-3.37,0.29,19
66,1000BTTUSDT,ILVUSDT,-4.72,0.0,-3.37,0.0,19
1975,RSRUSDT,TLMUSDT,-3.38,0.05,-3.37,0.24,19
448,ALICEUSDT,ICXUSDT,-4.19,0.0,-3.37,7.46,19
1246,FITFIUSDT,GRTUSDT,-4.81,0.0,-3.37,0.39,19
285,AKROUSDT,BTCUSDT,-3.63,0.02,-3.37,0.0,19
1581,IOSTUSDT,REQUSDT,-3.45,0.04,-3.37,0.08,19
1224,FILUSDT,FLMUSDT,-3.41,0.04,-3.37,43.13,19
269,AKROUSDT,AUDIOUSDT,-3.65,0.02,-3.37,0.02,19
598,BAKEUSDT,DGBUSDT,-3.4,0.04,-3.37,16.66,19
1216,ETHUSDT,RSRUSDT,-3.43,0.04,-3.37,413706.87,19
969,CREAMUSDT,KSMUSDT,-4.15,0.0,-3.37,0.45,19
1902,RENUSDT,TOMOUSDT,-3.68,0.02,-3.37,0.23,19
1395,GMXUSDT,NEOUSDT,-4.95,0.0,-3.37,6.47,19
507,ANKRUSDT,REQUSDT,-3.99,0.01,-3.37,0.18,19
1893,REEFUSDT,XTZUSDT,-3.46,0.04,-3.37,0.0,19
697,BELUSDT,MATICUSDT,-4.03,0.01,-3.37,0.51,19
1900,RENUSDT,STORJUSDT,-3.53,0.03,-3.37,0.25,19
1208,EOSUSDT,FITFIUSDT,-4.16,0.0,-3.37,38.59,19
1179,DUSKUSDT,SUSHIUSDT,-3.48,0.03,-3.37,0.09,18
1515,HOTUSDT,SCRTUSDT,-4.02,0.01,-3.37,0.0,18
1013,CRVUSDT,OGNUSDT,-3.48,0.03,-3.37,6.08,18
1687,LOOKSUSDT,RVNUSDT,-4.12,0.0,-3.37,7.93,18
1877,QTUMUSDT,TLMUSDT,-3.96,0.01,-3.37,153.86,18
1020,CRVUSDT,REEFUSDT,-3.81,0.01,-3.37,230.66,18
1951,RNDRUSDT,TLMUSDT,-5.01,0.0,-3.37,33.38,18
2101,TOMOUSDT,UNFIUSDT,-3.41,0.04,-3.37,0.07,18
1767,MTLUSDT,THETAUSDT,-4.02,0.01,-3.37,0.93,18
1184,DYDXUSDT,KNCUSDT,-3.51,0.03,-3.37,2.44,18
1363,GMXUSDT,ICPUSDT,-4.78,0.0,-3.37,10.43,18
1615,KNCUSDT,ONTUSDT,-3.63,0.02,-3.37,3.05,18
1488,GTCUSDT,UNIUSDT,-3.4,0.04,-3.37,0.25,18
1705,LTCUSDT,TOMOUSDT,-3.65,0.02,-3.37,274.18,18
1159,DOGEUSDT,SCRTUSDT,-3.43,0.04,-3.37,0.11,18
1043,CRVUSDT,ZRXUSDT,-4.04,0.01,-3.37,3.47,18
1035,CRVUSDT,TLMUSDT,-3.92,0.01,-3.37,43.46,18
1181,DYDXUSDT,GMTUSDT,-3.41,0.04,-3.37,4.69,18
989,CRVUSDT,ETHUSDT,-3.4,0.04,-3.37,0.0,18
1626,KNCUSDT,SXPUSDT,-4.2,0.0,-3.37,2.29,18
1032,CRVUSDT,STORJUSDT,-4.26,0.0,-3.37,2.13,18
1303,FLMUSDT,LOOKSUSDT,-4.59,0.0,-3.37,0.48,18
1297,FLMUSDT,FTMUSDT,-3.45,0.04,-3.37,0.35,18
1458,GRTUSDT,LOOKSUSDT,-4.23,0.0,-3.37,0.38,18
1176,DUSKUSDT,KNCUSDT,-3.49,0.03,-3.37,0.18,18
1057,DARUSDT,IMXUSDT,-3.76,0.02,-3.37,0.3,18
28,1000BTTUSDT,BOBAUSDT,-4.28,0.0,-3.37,0.0,18
414,ALGOUSDT,GMTUSDT,-3.54,0.03,-3.37,0.73,18
554,AUDIOUSDT,LTCUSDT,-3.37,0.05,-3.37,0.0,18
776,BOBAUSDT,PAXGUSDT,-4.82,0.0,-3.37,0.0,18
784,BOBAUSDT,TLMUSDT,-3.8,0.01,-3.37,13.57,18
412,ALGOUSDT,CROUSDT,-3.39,0.04,-3.37,3.11,18
190,AAVEUSDT,ZRXUSDT,-3.47,0.04,-3.37,350.18,18
769,BOBAUSDT,ILVUSDT,-3.38,0.04,-3.37,0.0,18
63,1000BTTUSDT,HBARUSDT,-3.72,0.02,-3.37,0.02,18
328,AKROUSDT,HBARUSDT,-4.0,0.01,-3.37,0.08,18
620,BANDUSDT,BSWUSDT,-3.4,0.04,-3.37,8.42,18
692,BELUSDT,INJUSDT,-3.61,0.02,-3.37,0.3,18
1300,FLMUSDT,GRTUSDT,-3.87,0.01,-3.37,1.25,17
1292,FITFIUSDT,XTZUSDT,-3.4,0.04,-3.37,0.03,17
216,ACHUSDT,IOSTUSDT,-3.79,0.01,-3.37,1.14,17
1716,MANAUSDT,SUSHIUSDT,-4.09,0.01,-3.37,0.32,17
1761,MTLUSDT,STORJUSDT,-3.75,0.02,-3.37,2.75,17
1774,MTLUSDT,USDCUSDT,-5.03,0.0,-3.37,0.69,17
1470,GRTUSDT,YFIUSDT,-3.79,0.01,-3.37,0.0,17
1793,OGNUSDT,PAXGUSDT,-4.49,0.0,-3.37,0.0,17
418,ALGOUSDT,LINAUSDT,-3.8,0.01,-3.37,35.77,17
454,ALICEUSDT,MATICUSDT,-3.8,0.01,-3.37,1.4,17
1704,LTCUSDT,STMXUSDT,-3.46,0.04,-3.37,19972.97,17
1240,FILUSDT,XMRUSDT,-3.9,0.01,-3.37,0.02,17
1237,FILUSDT,SCRTUSDT,-3.53,0.03,-3.37,5.1,17
789,BSVUSDT,CHRUSDT,-3.47,0.04,-3.37,384.5,17
1814,ONEUSDT,REQUSDT,-3.46,0.04,-3.37,0.12,17
1007,CRVUSDT,LITUSDT,-3.59,0.03,-3.37,0.75,17
470,ALICEUSDT,YFIUSDT,-3.44,0.04,-3.37,0.0,17
167,AAVEUSDT,AXSUSDT,-3.58,0.03,-3.37,8.37,17
987,CRVUSDT,EOSUSDT,-4.03,0.01,-3.37,0.61,17
1345,GMTUSDT,IMXUSDT,-3.7,0.02,-3.37,0.61,17
1304,FLMUSDT,MATICUSDT,-3.58,0.03,-3.37,0.09,17
1324,FXSUSDT,RSRUSDT,-3.49,0.03,-3.37,1581.63,17
1506,HOTUSDT,OMGUSDT,-3.56,0.03,-3.37,0.0,17
305,AKROUSDT,DGBUSDT,-3.62,0.02,-3.37,0.39,17
342,AKROUSDT,LINAUSDT,-3.66,0.02,-3.37,0.61,17
736,BLZUSDT,BSVUSDT,-4.25,0.0,-3.37,0.0,17
1567,INJUSDT,LOOKSUSDT,-3.49,0.03,-3.37,8.57,17
1572,INJUSDT,SXPUSDT,-3.67,0.02,-3.37,6.38,17
720,BELUSDT,ZILUSDT,-3.46,0.04,-3.37,24.16,17
617,BALUSDT,LOOKSUSDT,-3.67,0.02,-3.37,34.66,17
344,AKROUSDT,LITUSDT,-3.66,0.02,-3.37,0.0,17
1459,GRTUSDT,MASKUSDT,-3.43,0.04,-3.37,0.03,17
1610,KDAUSDT,SUSHIUSDT,-3.41,0.04,-3.37,0.92,17
259,AGLDUSDT,TWTUSDT,-3.64,0.02,-3.37,0.19,17
1448,GMXUSDT,XRPUSDT,-4.85,0.0,-3.37,121.14,17
1652,LINAUSDT,REQUSDT,-3.63,0.02,-3.37,0.06,17
704,BELUSDT,REQUSDT,-4.2,0.0,-3.37,4.63,17
1667,LINKUSDT,QTUMUSDT,-3.73,0.02,-3.37,2.98,17
926,CELRUSDT,ROSEUSDT,-3.61,0.02,-3.37,0.27,17
1675,LITUSDT,RENUSDT,-3.75,0.02,-3.37,11.38,17
1679,LOOKSUSDT,MATICUSDT,-3.95,0.01,-3.37,0.2,17
923,CELRUSDT,PAXGUSDT,-3.5,0.03,-3.37,0.0,17
360,AKROUSDT,OMGUSDT,-3.67,0.02,-3.37,0.0,17
1386,GMXUSDT,LUNA2USDT,-4.95,0.0,-3.37,31.92,17
1211,EOSUSDT,QTUMUSDT,-3.41,0.04,-3.37,0.47,17
473,ANKRUSDT,AXSUSDT,-4.13,0.0,-3.37,0.0,17
794,BSVUSDT,ENSUSDT,-3.45,0.04,-3.37,3.78,17
1203,ENJUSDT,TLMUSDT,-3.54,0.03,-3.37,20.06,17
1964,RNDRUSDT,ZILUSDT,-5.11,0.0,-3.37,24.89,17
547,ARUSDT,UNIUSDT,-4.4,0.0,-3.37,1.23,17
654,BATUSDT,SXPUSDT,-4.27,0.0,-3.37,0.84,17
1838,OPUSDT,SANDUSDT,-3.44,0.04,-3.37,2.39,17
1990,RSS3USDT,STORJUSDT,-4.17,0.0,-3.37,0.41,17
1996,RSS3USDT,THETAUSDT,-4.22,0.0,-3.37,0.14,17
2005,RSS3USDT,VETUSDT,-4.14,0.0,-3.37,6.46,17
2008,RSS3USDT,XEMUSDT,-4.17,0.0,-3.37,3.59,17
2009,RSS3USDT,XLMUSDT,-4.19,0.0,-3.37,1.42,17
563,AXSUSDT,BSVUSDT,-3.52,0.03,-3.37,0.15,17
2021,RUNEUSDT,SCRTUSDT,-3.89,0.01,-3.37,2.12,17
2026,RVNUSDT,SXPUSDT,-3.99,0.01,-3.37,0.09,17
572,AXSUSDT,FLMUSDT,-3.88,0.01,-3.37,87.52,17
1150,DOGEUSDT,EOSUSDT,-3.89,0.01,-3.37,0.08,17
577,AXSUSDT,IMXUSDT,-3.53,0.03,-3.37,16.11,17
579,AXSUSDT,KNCUSDT,-3.74,0.02,-3.37,13.63,17
634,BATUSDT,BCHUSDT,-3.75,0.02,-3.37,0.0,17
2058,SHIB1000USDT,SWEATUSDT,-3.56,0.03,-3.37,0.78,17
582,AXSUSDT,ONTUSDT,-3.66,0.02,-3.37,41.57,17
1129,DGBUSDT,LINAUSDT,-3.53,0.03,-3.37,1.57,17
15,1000BTTUSDT,ARPAUSDT,-4.27,0.0,-3.37,0.02,17
2087,SUNUSDT,TRXUSDT,-3.48,0.03,-3.37,0.09,17
2090,SXPUSDT,THETAUSDT,-3.55,0.03,-3.37,0.28,17
821,BSVUSDT,STMXUSDT,-3.64,0.02,-3.37,11522.83,17
1967,ROSEUSDT,SCUSDT,-3.6,0.02,-3.37,15.52,17
1974,RSRUSDT,SXPUSDT,-6.06,0.0,-3.37,0.01,17
1200,ENJUSDT,REQUSDT,-3.4,0.04,-3.37,2.87,17
1022,CRVUSDT,REQUSDT,-3.89,0.01,-3.37,6.21,17
1850,PAXGUSDT,TLMUSDT,-3.87,0.01,-3.37,148944.33,17
1851,PAXGUSDT,UNFIUSDT,-3.44,0.04,-3.37,481.98,17
141,1000LUNCUSDT,XEMUSDT,-4.64,0.0,-3.37,5.27,17
1876,QTUMUSDT,SNXUSDT,-3.37,0.05,-3.37,1.24,17
128,1000BTTUSDT,XLMUSDT,-3.74,0.02,-3.37,0.01,17
123,1000BTTUSDT,UNFIUSDT,-4.58,0.0,-3.37,0.0,17
526,API3USDT,XTZUSDT,-3.86,0.01,-3.37,1.42,17
84,1000BTTUSDT,MATICUSDT,-4.98,0.0,-3.37,0.0,17
872,BTCUSDT,TLMUSDT,-3.47,0.04,-3.37,1357073.91,17
116,1000BTTUSDT,STXUSDT,-3.99,0.01,-3.37,0.0,17
115,1000BTTUSDT,STORJUSDT,-4.88,0.0,-3.37,0.0,17
952,COMPUSDT,INJUSDT,-3.42,0.04,-3.37,24.5,17
99,1000BTTUSDT,REEFUSDT,-4.86,0.0,-3.37,0.27,17
1909,RENUSDT,YFIUSDT,-3.38,0.04,-3.37,0.0,17
1187,DYDXUSDT,NEOUSDT,-3.46,0.04,-3.37,0.18,17
1922,REQUSDT,SXPUSDT,-3.52,0.03,-3.37,0.42,17
537,APTUSDT,UNIUSDT,-3.85,0.01,-3.37,0.69,17
91,1000BTTUSDT,OMGUSDT,-4.55,0.0,-3.37,0.0,17
390,AKROUSDT,TRXUSDT,-3.81,0.01,-3.37,0.06,16
730,BICOUSDT,MINAUSDT,-4.26,0.0,-3.37,0.61,16
607,BAKEUSDT,LOOKSUSDT,-3.99,0.01,-3.37,0.86,16
1202,ENJUSDT,SUSHIUSDT,-4.31,0.0,-3.37,0.26,16
732,BICOUSDT,SCRTUSDT,-3.41,0.04,-3.37,0.44,16
1487,GTCUSDT,TOMOUSDT,-3.58,0.03,-3.37,4.93,16
1008,CRVUSDT,LOOKSUSDT,-4.16,0.0,-3.37,3.5,16
632,BANDUSDT,TRBUSDT,-3.39,0.04,-3.37,0.12,16
1019,CRVUSDT,QTUMUSDT,-3.8,0.01,-3.37,0.28,16
1040,CRVUSDT,WAVESUSDT,-3.8,0.01,-3.37,0.4,16
1407,GMXUSDT,RENUSDT,-4.85,0.0,-3.37,660.23,16
693,BELUSDT,KNCUSDT,-4.95,0.0,-3.37,0.84,16
714,BELUSDT,SUSHIUSDT,-3.44,0.04,-3.37,0.41,16
1456,GRTUSDT,KNCUSDT,-3.42,0.04,-3.37,0.12,16
1185,DYDXUSDT,LOOKSUSDT,-3.64,0.02,-3.37,7.52,16
1169,DOTUSDT,LOOKSUSDT,-4.22,0.0,-3.37,29.38,16
1383,GMXUSDT,LPTUSDT,-4.81,0.0,-3.37,9.05,16
1436,GMXUSDT,TRXUSDT,-4.81,0.0,-3.37,765.23,16
1301,FLMUSDT,KNCUSDT,-3.57,0.03,-3.37,0.16,16
1592,IOTXUSDT,KNCUSDT,-3.52,0.03,-3.37,0.05,16
1055,DARUSDT,HNTUSDT,-4.24,0.0,-3.37,0.07,16
1604,JSTUSDT,RENUSDT,-5.47,0.0,-3.37,0.32,16
1699,LOOKSUSDT,ZILUSDT,-3.79,0.01,-3.37,9.27,16
1697,LOOKSUSDT,UNIUSDT,-3.42,0.04,-3.37,0.03,16
1740,MTLUSDT,PEOPLEUSDT,-5.52,0.0,-3.37,33.42,16
1742,MTLUSDT,REEFUSDT,-4.32,0.0,-3.37,297.77,16
1696,LOOKSUSDT,UNFIUSDT,-4.86,0.0,-3.37,0.04,16
1779,MTLUSDT,XLMUSDT,-4.25,0.0,-3.37,9.47,16
1684,LOOKSUSDT,ROSEUSDT,-4.81,0.0,-3.37,4.3,16
243,ADAUSDT,COMPUSDT,-3.8,0.01,-3.37,0.01,16
150,1000XECUSDT,XNOUSDT,-3.8,0.01,-3.37,0.03,16
1649,LINAUSDT,LOOKSUSDT,-4.01,0.01,-3.37,0.03,16
949,COMPUSDT,DUSKUSDT,-3.52,0.03,-3.37,382.98,16
1700,LOOKSUSDT,ZRXUSDT,-3.89,0.01,-3.37,0.99,16
1603,JSTUSDT,MINAUSDT,-3.49,0.03,-3.37,0.05,16
1579,IOSTUSDT,LRCUSDT,-3.62,0.02,-3.37,0.04,16
2,10000NFTUSDT,ZENUSDT,-3.46,0.04,-3.37,0.0,16
2109,USDCUSDT,ZENUSDT,-3.65,0.02,-3.37,0.11,16
151,1INCHUSDT,BOBAUSDT,-3.57,0.03,-3.37,2.32,16
171,AAVEUSDT,BSVUSDT,-4.06,0.01,-3.37,1.28,16
155,1INCHUSDT,HBARUSDT,-3.46,0.04,-3.37,10.21,16
808,BSVUSDT,KNCUSDT,-4.09,0.01,-3.37,89.38,16
1808,OMGUSDT,TOMOUSDT,-3.49,0.03,-3.37,3.94,16
1934,RNDRUSDT,ROSEUSDT,-5.19,0.0,-3.37,11.56,15
1969,RSRUSDT,RUNEUSDT,-3.9,0.01,-3.37,0.0,15
1952,RNDRUSDT,TOMOUSDT,-4.52,0.0,-3.37,1.54,15
1916,REQUSDT,SCRTUSDT,-4.02,0.01,-3.37,0.14,15
1213,ETHUSDT,INJUSDT,-3.49,0.03,-3.37,934.45,15
1895,REEFUSDT,ZILUSDT,-3.63,0.02,-3.37,0.14,15
492,ANKRUSDT,GMTUSDT,-4.33,0.0,-3.37,0.06,15
1887,REEFUSDT,SNXUSDT,-3.91,0.01,-3.37,0.0,15
120,1000BTTUSDT,TLMUSDT,-4.4,0.0,-3.37,0.05,15
139,1000LUNCUSDT,LTCUSDT,-3.4,0.04,-3.37,0.0,15
1171,DOTUSDT,SCRTUSDT,-3.45,0.04,-3.37,7.23,15
1849,PAXGUSDT,SXPUSDT,-3.77,0.01,-3.37,8913.43,15
2018,RSS3USDT,ZILUSDT,-4.22,0.0,-3.37,6.28,15
1971,RSRUSDT,SCRTUSDT,-4.16,0.0,-3.37,0.0,15
1170,DOTUSDT,RNDRUSDT,-3.53,0.03,-3.37,10.94,15
1084,DASHUSDT,KNCUSDT,-3.74,0.02,-3.37,92.63,15
594,AXSUSDT,WAVESUSDT,-3.5,0.03,-3.37,4.77,15
591,AXSUSDT,STORJUSDT,-3.39,0.04,-3.37,25.57,15
22,1000BTTUSDT,BANDUSDT,-4.61,0.0,-3.37,0.0,15
587,AXSUSDT,RUNEUSDT,-3.64,0.02,-3.37,4.88,15
1135,DGBUSDT,REQUSDT,-3.78,0.01,-3.37,0.09,15
583,AXSUSDT,QTUMUSDT,-3.57,0.03,-3.37,3.4,15
2061,SHIB1000USDT,WOOUSDT,-3.4,0.04,-3.37,0.07,15
31,1000BTTUSDT,C98USDT,-4.83,0.0,-3.37,0.0,15
1144,DODOUSDT,LOOKSUSDT,-4.52,0.0,-3.37,0.63,15
2057,SFPUSDT,USDCUSDT,-3.7,0.02,-3.37,0.39,15
33,1000BTTUSDT,CELRUSDT,-4.74,0.0,-3.37,0.06,15
42,1000BTTUSDT,DGBUSDT,-4.42,0.0,-3.37,0.08,15
2033,SANDUSDT,XTZUSDT,-3.39,0.04,-3.37,0.55,15
2027,RVNUSDT,ZRXUSDT,-3.46,0.04,-3.37,0.13,15
569,AXSUSDT,DOTUSDT,-3.81,0.01,-3.37,1.43,15
2019,RSS3USDT,ZRXUSDT,-4.17,0.0,-3.37,0.67,15
1228,FILUSDT,IOSTUSDT,-3.56,0.03,-3.37,455.08,15
1980,RSS3USDT,SCRTUSDT,-4.29,0.0,-3.37,0.17,15
1818,ONEUSDT,THETAUSDT,-3.52,0.03,-3.37,0.01,15
307,AKROUSDT,DOGEUSDT,-3.68,0.02,-3.37,0.04,15
1233,FILUSDT,QTUMUSDT,-3.76,0.02,-3.37,1.67,15
267,AKROUSDT,ARPAUSDT,-3.62,0.02,-3.37,0.12,15
1690,LOOKSUSDT,SKLUSDT,-3.76,0.02,-3.37,7.2,15
1688,LOOKSUSDT,SCRTUSDT,-5.38,0.0,-3.37,0.25,15
1391,GMXUSDT,MINAUSDT,-4.92,0.0,-3.37,93.31,15
237,ACHUSDT,VETUSDT,-3.95,0.01,-3.37,0.49,15
1408,GMXUSDT,REQUSDT,-4.86,0.0,-3.37,481.0,15
1417,GMXUSDT,SCUSDT,-4.96,0.0,-3.37,18086.78,15
1433,GMXUSDT,TLMUSDT,-4.82,0.0,-3.37,3363.1,15
1656,LINAUSDT,SCRTUSDT,-3.6,0.02,-3.37,0.01,15
1602,JSTUSDT,LUNA2USDT,-3.38,0.04,-3.37,0.02,15
461,ALICEUSDT,RSRUSDT,-4.64,0.0,-3.37,367.42,15
1565,INJUSDT,KLAYUSDT,-4.33,0.0,-3.37,8.47,15
332,AKROUSDT,IOSTUSDT,-3.64,0.02,-3.37,0.44,15
1561,IMXUSDT,SCRTUSDT,-3.84,0.01,-3.37,0.64,15
1555,IMXUSDT,REEFUSDT,-4.5,0.0,-3.37,172.21,15
306,AKROUSDT,DODOUSDT,-3.64,0.02,-3.37,0.03,15
319,AKROUSDT,FITFIUSDT,-3.69,0.02,-3.37,0.13,15
314,AKROUSDT,EOSUSDT,-3.69,0.02,-3.37,0.0,15
309,AKROUSDT,DUSKUSDT,-3.65,0.02,-3.37,0.04,15
1379,GMXUSDT,LINAUSDT,-4.98,0.0,-3.37,8214.67,15
1344,GMTUSDT,ICXUSDT,-3.43,0.04,-3.37,1.68,15
1340,GALUSDT,XMRUSDT,-3.82,0.01,-3.37,0.01,15
1335,GALUSDT,PEOPLEUSDT,-3.58,0.03,-3.37,51.89,15
1815,ONEUSDT,RNDRUSDT,-3.88,0.01,-3.37,0.02,15
459,ALICEUSDT,RNDRUSDT,-4.75,0.0,-3.37,2.65,15
194,ACHUSDT,ARUSDT,-3.6,0.02,-3.37,0.0,15
1782,MTLUSDT,XRPUSDT,-3.99,0.01,-3.37,2.02,15
445,ALICEUSDT,GMTUSDT,-3.62,0.02,-3.37,4.43,15
441,ALICEUSDT,FILUSDT,-3.97,0.01,-3.37,0.34,15
1259,FITFIUSDT,MANAUSDT,-3.55,0.03,-3.37,0.07,15
423,ALGOUSDT,RNDRUSDT,-3.69,0.02,-3.37,0.44,15
195,ACHUSDT,AUDIOUSDT,-3.57,0.03,-3.37,0.06,15
416,ALGOUSDT,KNCUSDT,-4.03,0.01,-3.37,0.38,15
1271,FITFIUSDT,RSRUSDT,-4.99,0.0,-3.37,7.7,15
1757,MTLUSDT,SNXUSDT,-4.03,0.01,-3.37,0.45,15
204,ACHUSDT,DGBUSDT,-3.44,0.04,-3.37,1.0,15
1719,MANAUSDT,YGGUSDT,-4.08,0.01,-3.37,1.85,15
1717,MANAUSDT,SXPUSDT,-3.44,0.04,-3.37,1.52,15
1706,LTCUSDT,UNIUSDT,-3.47,0.04,-3.37,13.74,15
1330,FXSUSDT,XTZUSDT,-3.56,0.03,-3.37,6.3,15
1245,FITFIUSDT,GMTUSDT,-4.89,0.0,-3.37,0.09,15
826,BSVUSDT,WAVESUSDT,-4.43,0.0,-3.37,31.28,15
885,C98USDT,LOOKSUSDT,-4.38,0.0,-3.37,1.05,15
802,BSVUSDT,GMTUSDT,-3.43,0.04,-3.37,171.76,15
628,BANDUSDT,SCRTUSDT,-3.79,0.01,-3.37,2.3,15
858,BTCUSDT,PEOPLEUSDT,-3.41,0.04,-3.37,808298.53,15
935,CHZUSDT,DARUSDT,-3.94,0.01,-3.37,0.86,15
934,CHRUSDT,ZECUSDT,-4.39,0.0,-3.37,0.0,15
974,CREAMUSDT,REQUSDT,-3.41,0.04,-3.37,123.21,15
906,CEEKUSDT,DYDXUSDT,-4.08,0.01,-3.37,0.06,15
700,BELUSDT,PAXGUSDT,-4.02,0.01,-3.37,0.0,15
981,CROUSDT,SNXUSDT,-3.94,0.01,-3.37,0.04,15
869,BTCUSDT,STORJUSDT,-3.45,0.04,-3.37,66396.93,15
860,BTCUSDT,REEFUSDT,-4.98,0.0,-3.37,7201990.73,15
748,BLZUSDT,QNTUSDT,-3.45,0.04,-3.37,0.0,15
960,COMPUSDT,SXPUSDT,-4.13,0.0,-3.37,156.19,15
683,BELUSDT,FILUSDT,-4.52,0.0,-3.37,0.13,15
708,BELUSDT,RVNUSDT,-4.12,0.0,-3.37,20.67,15
647,BATUSDT,OMGUSDT,-3.57,0.03,-3.37,0.16,15
961,COMPUSDT,WOOUSDT,-4.11,0.01,-3.37,254.45,15
1578,IOSTUSDT,LOOKSUSDT,-4.24,0.0,-3.37,0.05,14
1563,IMXUSDT,STORJUSDT,-3.71,0.02,-3.37,1.59,14
295,AKROUSDT,COTIUSDT,-3.6,0.02,-3.37,0.06,14
1575,IOSTUSDT,KNCUSDT,-4.68,0.0,-3.37,0.01,14
671,BELUSDT,BLZUSDT,-4.47,0.0,-3.37,7.76,14
1923,REQUSDT,TLMUSDT,-4.62,0.0,-3.37,6.99,14
1734,MTLUSDT,OGNUSDT,-4.17,0.0,-3.37,7.85,14
1428,GMXUSDT,SUNUSDT,-4.81,0.0,-3.37,8085.94,14
986,CRVUSDT,ENSUSDT,-3.97,0.01,-3.37,0.05,14
1584,IOSTUSDT,RVNUSDT,-3.38,0.04,-3.37,0.36,14
759,BNBUSDT,INJUSDT,-3.57,0.03,-3.37,191.03,14
922,CELRUSDT,LOOKSUSDT,-4.47,0.0,-3.37,0.06,14
250,ADAUSDT,XTZUSDT,-3.66,0.02,-3.37,0.35,14
691,BELUSDT,IMXUSDT,-5.08,0.0,-3.37,1.0,14
1680,LOOKSUSDT,ONTUSDT,-3.79,0.01,-3.37,0.99,14
1630,KNCUSDT,ZRXUSDT,-3.55,0.03,-3.37,3.07,14
2071,STMXUSDT,UNFIUSDT,-3.68,0.02,-3.37,0.0,14
1682,LOOKSUSDT,QTUMUSDT,-4.39,0.0,-3.37,0.08,14
1685,LOOKSUSDT,RSRUSDT,-3.83,0.01,-3.37,51.64,14
1333,GALUSDT,HNTUSDT,-4.41,0.0,-3.37,0.65,14
1619,KNCUSDT,REEFUSDT,-3.8,0.01,-3.37,203.53,14
1692,LOOKSUSDT,STORJUSDT,-4.07,0.01,-3.37,0.61,14
1695,LOOKSUSDT,TOMOUSDT,-3.55,0.03,-3.37,0.57,14
1024,CRVUSDT,ROSEUSDT,-3.37,0.05,-3.37,15.06,14
479,ANKRUSDT,BSWUSDT,-3.42,0.04,-3.37,0.09,14
1189,EGLDUSDT,HNTUSDT,-3.99,0.01,-3.37,20.25,14
406,AKROUSDT,ZENUSDT,-3.73,0.02,-3.37,0.0,14
696,BELUSDT,LRCUSDT,-3.63,0.02,-3.37,2.05,14
930,CELRUSDT,YFIUSDT,-3.37,0.05,-3.37,0.0,14
1315,FTMUSDT,XTZUSDT,-4.39,0.0,-3.37,0.28,14
1493,HNTUSDT,QNTUSDT,-3.42,0.04,-3.37,0.02,14
993,CRVUSDT,FTMUSDT,-3.54,0.03,-3.37,2.54,14
169,AAVEUSDT,BCHUSDT,-3.95,0.01,-3.37,0.54,14
956,COMPUSDT,QTUMUSDT,-3.6,0.02,-3.37,16.96,14
880,C98USDT,ENSUSDT,-4.23,0.0,-3.37,0.01,14
1805,OMGUSDT,SUSHIUSDT,-3.48,0.03,-3.37,1.08,14
1528,ICXUSDT,KNCUSDT,-3.62,0.02,-3.37,0.31,14
747,BLZUSDT,PAXGUSDT,-3.54,0.03,-3.37,0.0,13
1173,DOTUSDT,ZRXUSDT,-3.62,0.02,-3.37,29.2,13
1507,HOTUSDT,ONEUSDT,-3.56,0.03,-3.37,0.14,13
1498,HOTUSDT,ICXUSDT,-3.73,0.02,-3.37,0.01,13
32,1000BTTUSDT,CELOUSDT,-4.0,0.01,-3.37,0.0,13
1614,KNCUSDT,LDOUSDT,-3.77,0.01,-3.37,0.38,13
337,AKROUSDT,KDAUSDT,-3.63,0.02,-3.37,0.0,13
1419,GMXUSDT,SHIB1000USDT,-4.94,0.0,-3.37,5031.29,13
724,BICOUSDT,ENSUSDT,-3.44,0.04,-3.37,0.02,13
46,1000BTTUSDT,DUSKUSDT,-3.86,0.01,-3.37,0.01,13
1274,FITFIUSDT,SANDUSDT,-3.87,0.01,-3.37,0.06,13
1978,RSS3USDT,RVNUSDT,-4.25,0.0,-3.37,5.38,13
1653,LINAUSDT,RNDRUSDT,-4.61,0.0,-3.37,0.01,13
651,BATUSDT,RNDRUSDT,-3.91,0.01,-3.37,0.42,13
1622,KNCUSDT,SANDUSDT,-3.67,0.02,-3.37,1.15,13
73,1000BTTUSDT,KDAUSDT,-3.62,0.02,-3.37,0.0,13
426,ALGOUSDT,UNFIUSDT,-3.61,0.02,-3.37,0.05,13
1277,FITFIUSDT,SNXUSDT,-3.69,0.02,-3.37,0.01,13
2060,SHIB1000USDT,WAVESUSDT,-3.68,0.02,-3.37,0.01,13
333,AKROUSDT,IOTXUSDT,-3.63,0.02,-3.37,0.14,13
1645,LDOUSDT,YFIUSDT,-3.55,0.03,-3.37,0.0,13
1481,GTCUSDT,PAXGUSDT,-3.55,0.03,-3.37,0.0,13
864,BTCUSDT,RUNEUSDT,-4.46,0.0,-3.37,12666.92,13
535,APTUSDT,STMXUSDT,-3.52,0.03,-3.37,997.62,13
734,BITUSDT,GALAUSDT,-6.6,0.0,-3.37,22.41,13
1188,DYDXUSDT,RNDRUSDT,-3.91,0.01,-3.37,2.8,13
1513,HOTUSDT,ROSEUSDT,-4.04,0.01,-3.37,0.04,13
480,ANKRUSDT,BTCUSDT,-4.34,0.0,-3.37,0.0,13
299,AKROUSDT,CTKUSDT,-4.0,0.01,-3.37,0.0,13
729,BICOUSDT,LOOKSUSDT,-3.57,0.03,-3.37,1.78,13
674,BELUSDT,BTCUSDT,-6.02,0.0,-3.37,0.0,13
467,ALICEUSDT,STORJUSDT,-3.61,0.02,-3.37,4.33,13
312,AKROUSDT,ENJUSDT,-3.62,0.02,-3.37,0.01,13
504,ANKRUSDT,PAXGUSDT,-3.82,0.01,-3.37,0.0,13
286,AKROUSDT,C98USDT,-3.73,0.02,-3.37,0.02,13
1232,FILUSDT,ONTUSDT,-3.84,0.01,-3.37,20.49,13
410,ALGOUSDT,C98USDT,-3.44,0.04,-3.37,1.12,13
353,AKROUSDT,MINAUSDT,-3.68,0.02,-3.37,0.01,13
77,1000BTTUSDT,LINKUSDT,-5.14,0.0,-3.37,0.0,13
1524,HOTUSDT,YGGUSDT,-3.98,0.01,-3.37,0.01,13
669,BCHUSDT,XTZUSDT,-3.55,0.03,-3.37,133.54,13
859,BTCUSDT,QTUMUSDT,-3.51,0.03,-3.37,8818.51,13
1995,RSS3USDT,SXPUSDT,-4.29,0.0,-3.37,0.5,13
1948,RNDRUSDT,SUSHIUSDT,-5.11,0.0,-3.37,0.42,13
1945,RNDRUSDT,STMXUSDT,-4.06,0.01,-3.37,112.17,13
1435,GMXUSDT,TRBUSDT,-4.85,0.0,-3.37,3.36,13
530,APTUSDT,JASMYUSDT,-4.21,0.0,-3.37,1069.8,13
1194,EGLDUSDT,RSRUSDT,-3.47,0.04,-3.37,11300.65,13
1518,HOTUSDT,SNXUSDT,-3.4,0.04,-3.37,0.0,13
458,ALICEUSDT,REQUSDT,-3.79,0.01,-3.37,12.64,13
268,AKROUSDT,ARUSDT,-3.75,0.02,-3.37,0.0,13
1430,GMXUSDT,SWEATUSDT,-4.9,0.0,-3.37,3904.56,13
1607,JSTUSDT,UNIUSDT,-3.38,0.04,-3.37,0.0,13
1669,LINKUSDT,TOMOUSDT,-3.44,0.04,-3.37,21.15,13
1912,REQUSDT,ROSEUSDT,-4.53,0.0,-3.37,2.42,13
793,BSVUSDT,DOTUSDT,-3.65,0.02,-3.37,9.39,13
602,BAKEUSDT,GMTUSDT,-3.94,0.01,-3.37,0.54,13
1354,GMTUSDT,STMXUSDT,-3.6,0.02,-3.37,67.04,13
1087,DASHUSDT,SCRTUSDT,-4.74,0.0,-3.37,70.35,13
180,AAVEUSDT,LOOKSUSDT,-3.7,0.02,-3.37,352.39,13
2084,STXUSDT,ZECUSDT,-3.58,0.03,-3.37,0.01,13
1368,GMXUSDT,IOSTUSDT,-4.97,0.0,-3.37,5940.11,13
98,1000BTTUSDT,QTUMUSDT,-5.05,0.0,-3.37,0.0,13
97,1000BTTUSDT,QNTUSDT,-4.05,0.01,-3.37,0.0,13
1311,FTMUSDT,LOOKSUSDT,-3.43,0.04,-3.37,1.38,13
1102,DENTUSDT,LPTUSDT,-3.96,0.01,-3.37,0.0,13
562,AXSUSDT,BELUSDT,-4.53,0.0,-3.37,16.14,13
200,ACHUSDT,BSVUSDT,-3.47,0.04,-3.37,0.0,13
905,C98USDT,ZILUSDT,-3.53,0.03,-3.37,9.74,13
866,BTCUSDT,SCRTUSDT,-3.46,0.04,-3.37,26872.9,13
202,ACHUSDT,CELRUSDT,-3.63,0.02,-3.37,0.81,13
792,BSVUSDT,DASHUSDT,-3.78,0.01,-3.37,0.96,13
1349,GMTUSDT,QTUMUSDT,-3.55,0.03,-3.37,0.13,13
206,ACHUSDT,DYDXUSDT,-3.7,0.02,-3.37,0.01,13
1826,ONTUSDT,RSRUSDT,-4.12,0.0,-3.37,52.25,13
2028,SANDUSDT,SCRTUSDT,-3.47,0.03,-3.37,0.66,13
982,CROUSDT,WOOUSDT,-4.45,0.0,-3.37,0.46,13
1873,QTUMUSDT,SANDUSDT,-3.58,0.03,-3.37,4.6,13
1339,GALUSDT,SXPUSDT,-3.93,0.01,-3.37,5.21,13
1870,QTUMUSDT,REQUSDT,-4.1,0.01,-3.37,22.0,13
135,1000BTTUSDT,ZILUSDT,-4.27,0.0,-3.37,0.04,13
801,BSVUSDT,GALUSDT,-3.55,0.03,-3.37,39.34,13
1861,PEOPLEUSDT,WOOUSDT,-3.93,0.01,-3.37,0.16,13
2104,USDCUSDT,VETUSDT,-4.44,0.0,-3.37,62.21,13
1341,GLMRUSDT,HNTUSDT,-3.59,0.03,-3.37,0.2,13
1842,OPUSDT,YGGUSDT,-3.52,0.03,-3.37,5.81,13
1839,OPUSDT,SNXUSDT,-4.5,0.0,-3.37,0.64,13
2094,SXPUSDT,XTZUSDT,-3.94,0.01,-3.37,0.28,13
798,BSVUSDT,FLMUSDT,-3.78,0.01,-3.37,573.88,13
1321,FXSUSDT,KNCUSDT,-3.69,0.02,-3.37,9.92,13
386,AKROUSDT,SXPUSDT,-3.63,0.02,-3.37,0.01,13
995,CRVUSDT,GMTUSDT,-3.67,0.02,-3.37,2.18,13
1736,MTLUSDT,ONEUSDT,-3.76,0.02,-3.37,67.39,13
576,AXSUSDT,ICXUSDT,-3.44,0.04,-3.37,44.09,13
1930,REQUSDT,YGGUSDT,-3.69,0.02,-3.37,0.51,13
1133,DGBUSDT,ONTUSDT,-3.84,0.01,-3.37,0.05,13
359,AKROUSDT,OGNUSDT,-3.62,0.02,-3.37,0.03,13
60,1000BTTUSDT,GMTUSDT,-4.22,0.0,-3.37,0.0,13
1138,DGBUSDT,ZILUSDT,-3.8,0.01,-3.37,0.48,13
227,ACHUSDT,ROSEUSDT,-3.95,0.01,-3.37,0.22,13
753,BLZUSDT,STORJUSDT,-3.62,0.02,-3.37,0.2,13
637,BATUSDT,C98USDT,-4.29,0.0,-3.37,1.07,13
911,CELOUSDT,REQUSDT,-3.45,0.04,-3.37,5.69,13
47,1000BTTUSDT,EGLDUSDT,-3.74,0.02,-3.37,0.0,13
2002,RSS3USDT,UNFIUSDT,-4.23,0.0,-3.37,0.03,13
925,CELRUSDT,REQUSDT,-3.69,0.02,-3.37,0.11,13
357,AKROUSDT,NEOUSDT,-3.66,0.02,-3.37,0.0,13
566,AXSUSDT,DARUSDT,-3.43,0.04,-3.37,53.04,13
565,AXSUSDT,CROUSDT,-3.53,0.03,-3.37,111.19,13
62,1000BTTUSDT,GTCUSDT,-5.54,0.0,-3.37,0.0,13
1130,DGBUSDT,LOOKSUSDT,-3.69,0.02,-3.37,0.05,13
1698,LOOKSUSDT,VETUSDT,-4.08,0.01,-3.37,9.52,13
387,AKROUSDT,THETAUSDT,-3.76,0.02,-3.37,0.0,13
1126,DGBUSDT,IOSTUSDT,-3.79,0.01,-3.37,1.14,13
589,AXSUSDT,SCRTUSDT,-3.42,0.04,-3.37,10.35,13
588,AXSUSDT,RVNUSDT,-3.52,0.03,-3.37,333.71,13
1721,MATICUSDT,PAXGUSDT,-3.96,0.01,-3.37,0.0,13
948,COMPUSDT,DARUSDT,-4.12,0.0,-3.37,264.79,12
1437,GMXUSDT,TWTUSDT,-5.05,0.0,-3.37,29.09,12
1001,CRVUSDT,INJUSDT,-3.87,0.01,-3.37,0.41,12
1764,MTLUSDT,SUSHIUSDT,-5.59,0.0,-3.37,0.71,12
443,ALICEUSDT,FTMUSDT,-4.89,0.0,-3.37,5.16,12
438,ALICEUSDT,CROUSDT,-3.8,0.01,-3.37,18.81,12
1221,ETHWUSDT,SCRTUSDT,-3.84,0.01,-3.37,5.01,12
85,1000BTTUSDT,MINAUSDT,-3.72,0.02,-3.37,0.0,12
1041,CRVUSDT,XTZUSDT,-3.37,0.05,-3.37,0.72,12
992,CRVUSDT,FLMUSDT,-3.4,0.04,-3.37,7.28,12
520,API3USDT,BELUSDT,-3.41,0.04,-3.37,2.66,12
1867,QNTUSDT,THETAUSDT,-3.45,0.04,-3.37,147.37,12
1120,DENTUSDT,XMRUSDT,-3.68,0.02,-3.37,0.0,12
246,ADAUSDT,HNTUSDT,-3.57,0.03,-3.37,0.16,12
1037,CRVUSDT,UNFIUSDT,-3.67,0.02,-3.37,0.14,12
1002,CRVUSDT,KAVAUSDT,-3.45,0.04,-3.37,0.88,12
1105,DENTUSDT,MKRUSDT,-4.12,0.0,-3.37,0.0,12
1214,ETHUSDT,KNCUSDT,-3.86,0.01,-3.37,2595.82,12
1099,DENTUSDT,KLAYUSDT,-3.43,0.04,-3.37,0.0,12
1711,MANAUSDT,OPUSDT,-3.68,0.02,-3.37,0.32,12
300,AKROUSDT,CVCUSDT,-3.64,0.02,-3.37,0.04,12
2017,RSS3USDT,ZENUSDT,-6.01,0.0,-3.37,0.01,12
1018,CRVUSDT,QNTUSDT,-3.98,0.01,-3.37,0.0,12
1810,OMGUSDT,UNIUSDT,-3.37,0.05,-3.37,0.2,12
1661,LINAUSDT,ZECUSDT,-3.64,0.02,-3.37,0.0,12
2015,RSS3USDT,YGGUSDT,-4.25,0.0,-3.37,0.61,11
694,BELUSDT,LDOUSDT,-5.1,0.0,-3.37,0.32,11
1452,GMXUSDT,ZECUSDT,-4.84,0.0,-3.37,1.05,11
706,BELUSDT,RSRUSDT,-4.81,0.0,-3.37,134.6,11
366,AKROUSDT,QTUMUSDT,-3.66,0.02,-3.37,0.0,11
354,AKROUSDT,MKRUSDT,-3.61,0.02,-3.37,0.0,11
367,AKROUSDT,REEFUSDT,-3.63,0.02,-3.37,1.32,11
1353,GMTUSDT,SCRTUSDT,-3.75,0.02,-3.37,0.39,11
1426,GMXUSDT,STORJUSDT,-4.86,0.0,-3.37,164.54,11
979,CROUSDT,MANAUSDT,-3.6,0.02,-3.37,0.19,11
1441,GMXUSDT,VETUSDT,-4.93,0.0,-3.37,2577.4,11
1346,GMTUSDT,KNCUSDT,-3.52,0.03,-3.37,0.52,11
67,1000BTTUSDT,IMXUSDT,-4.53,0.0,-3.37,0.0,11
1351,GMTUSDT,ROSEUSDT,-3.83,0.01,-3.37,6.91,11
2003,RSS3USDT,UNIUSDT,-4.13,0.0,-3.37,0.02,11
65,1000BTTUSDT,ICXUSDT,-4.76,0.0,-3.37,0.0,11
59,1000BTTUSDT,GALUSDT,-3.94,0.01,-3.37,0.0,11
1989,RSS3USDT,STMXUSDT,-4.18,0.0,-3.37,28.32,11
272,AKROUSDT,BAKEUSDT,-3.64,0.02,-3.37,0.02,11
1462,GRTUSDT,ROSEUSDT,-3.65,0.02,-3.37,1.65,11
718,BELUSDT,XTZUSDT,-3.48,0.03,-3.37,0.54,11
754,BLZUSDT,SXPUSDT,-3.53,0.03,-3.37,0.25,11
1725,MATICUSDT,XTZUSDT,-3.37,0.05,-3.37,1.05,11
214,ACHUSDT,ICXUSDT,-3.53,0.03,-3.37,0.05,11
1921,REQUSDT,SUSHIUSDT,-4.58,0.0,-3.37,0.09,11
1750,MTLUSDT,RVNUSDT,-3.97,0.01,-3.37,35.8,11
1763,MTLUSDT,SUNUSDT,-3.84,0.01,-3.37,134.89,11
1914,REQUSDT,RUNEUSDT,-4.46,0.0,-3.37,0.07,11
772,BOBAUSDT,LDOUSDT,-3.74,0.02,-3.37,0.14,11
775,BOBAUSDT,OPUSDT,-5.56,0.0,-3.37,0.17,11
1783,MTLUSDT,XTZUSDT,-4.75,0.0,-3.37,0.93,11
788,BSVUSDT,BTCUSDT,-3.63,0.02,-3.37,0.0,11
1797,OMGUSDT,PAXGUSDT,-3.48,0.03,-3.37,0.0,11
192,ACHUSDT,ANKRUSDT,-3.76,0.02,-3.37,0.5,11
1802,OMGUSDT,SNXUSDT,-3.57,0.03,-3.37,0.69,11
1812,ONEUSDT,PAXGUSDT,-3.72,0.02,-3.37,0.0,11
173,AAVEUSDT,DARUSDT,-4.54,0.0,-3.37,444.37,11
1821,ONTUSDT,PAXGUSDT,-3.76,0.02,-3.37,0.0,11
1824,ONTUSDT,REQUSDT,-3.85,0.01,-3.37,1.8,11
1825,ONTUSDT,RNDRUSDT,-3.82,0.01,-3.37,0.38,11
796,BSVUSDT,ETHWUSDT,-4.5,0.0,-3.37,13.53,11
108,1000BTTUSDT,SCRTUSDT,-3.44,0.04,-3.37,0.0,11
799,BSVUSDT,FTMUSDT,-3.68,0.02,-3.37,200.17,11
1845,PAXGUSDT,SANDUSDT,-4.05,0.01,-3.37,4449.39,11
1847,PAXGUSDT,STORJUSDT,-3.69,0.02,-3.37,7287.25,11
870,BTCUSDT,SUSHIUSDT,-3.8,0.01,-3.37,17249.18,11
119,1000BTTUSDT,THETAUSDT,-4.5,0.0,-3.37,0.0,11
873,BTCUSDT,UNFIUSDT,-4.39,0.0,-3.37,4391.52,11
917,CELRUSDT,GMTUSDT,-3.93,0.01,-3.37,0.04,11
1689,LOOKSUSDT,SCUSDT,-3.76,0.02,-3.37,66.78,11
230,ACHUSDT,STMXUSDT,-3.55,0.03,-3.37,2.17,11
81,1000BTTUSDT,LUNA2USDT,-4.45,0.0,-3.37,0.0,11
1976,RSRUSDT,XMRUSDT,-3.64,0.02,-3.37,0.0,11
1486,GTCUSDT,STMXUSDT,-3.6,0.02,-3.37,358.89,11
330,AKROUSDT,ICXUSDT,-3.69,0.02,-3.37,0.02,11
856,BTCUSDT,ONTUSDT,-4.03,0.01,-3.37,107911.38,11
326,AKROUSDT,GLMRUSDT,-3.54,0.03,-3.37,0.01,11
1509,HOTUSDT,QTUMUSDT,-4.54,0.0,-3.37,0.0,11
76,1000BTTUSDT,LINAUSDT,-5.15,0.0,-3.37,0.12,11
1531,ICXUSDT,PAXGUSDT,-3.75,0.02,-3.37,0.0,11
79,1000BTTUSDT,LOOKSUSDT,-5.02,0.0,-3.37,0.0,11
1539,ICXUSDT,SNXUSDT,-3.48,0.03,-3.37,0.1,11
1962,RNDRUSDT,YGGUSDT,-3.53,0.03,-3.37,2.43,11
1961,RNDRUSDT,YFIUSDT,-4.57,0.0,-3.37,0.0,11
1957,RNDRUSDT,WOOUSDT,-4.21,0.0,-3.37,3.25,11
234,ACHUSDT,TOMOUSDT,-3.73,0.02,-3.37,0.03,11
284,AKROUSDT,BSWUSDT,-3.63,0.02,-3.37,0.02,11
1577,IOSTUSDT,LINKUSDT,-3.4,0.04,-3.37,0.0,11
1595,IOTXUSDT,ZILUSDT,-3.53,0.03,-3.37,1.3,11
263,AKROUSDT,ANKRUSDT,-3.65,0.02,-3.37,0.19,11
1936,RNDRUSDT,RUNEUSDT,-4.54,0.0,-3.37,0.31,11
1639,LDOUSDT,RUNEUSDT,-4.39,0.0,-3.37,0.92,11
1650,LINAUSDT,PAXGUSDT,-3.55,0.03,-3.37,0.0,11
247,ADAUSDT,LDOUSDT,-3.39,0.04,-3.37,0.21,11
238,ACHUSDT,YFIUSDT,-3.46,0.04,-3.37,0.0,11
750,BLZUSDT,SANDUSDT,-3.94,0.01,-3.37,0.12,11
236,ACHUSDT,UNIUSDT,-3.96,0.01,-3.37,0.0,11
235,ACHUSDT,UNFIUSDT,-3.53,0.03,-3.37,0.0,11
382,AKROUSDT,STXUSDT,-3.93,0.01,-3.37,0.01,11
1983,RSS3USDT,SHIB1000USDT,-4.47,0.0,-3.37,12.61,11
650,BATUSDT,REQUSDT,-3.93,0.01,-3.37,2.0,11
688,BELUSDT,GMTUSDT,-4.13,0.0,-3.37,1.62,11
2078,STXUSDT,TOMOUSDT,-3.57,0.03,-3.37,0.81,11
1166,DOTUSDT,GRTUSDT,-3.55,0.03,-3.37,76.53,11
1139,DODOUSDT,GMTUSDT,-4.13,0.0,-3.37,0.39,11
48,1000BTTUSDT,ENJUSDT,-4.14,0.0,-3.37,0.0,11
585,AXSUSDT,ROSEUSDT,-3.61,0.02,-3.37,181.11,11
1238,FILUSDT,SCUSDT,-3.65,0.02,-3.37,1385.01,11
488,ANKRUSDT,FILUSDT,-3.61,0.02,-3.37,0.01,11
2036,SCRTUSDT,SKLUSDT,-4.11,0.0,-3.37,29.27,11
1253,FITFIUSDT,JASMYUSDT,-3.65,0.02,-3.37,6.67,11
529,APTUSDT,HBARUSDT,-3.74,0.02,-3.37,95.97,11
1276,FITFIUSDT,SKLUSDT,-3.97,0.01,-3.37,1.07,11
584,AXSUSDT,RNDRUSDT,-3.67,0.02,-3.37,15.65,11
29,1000BTTUSDT,BSVUSDT,-4.17,0.0,-3.37,0.0,11
1067,DARUSDT,QNTUSDT,-4.53,0.0,-3.37,0.0,11
25,1000BTTUSDT,BELUSDT,-4.37,0.0,-3.37,0.0,11
1210,EOSUSDT,LOOKSUSDT,-4.72,0.0,-3.37,5.76,11
1234,FILUSDT,REEFUSDT,-3.4,0.04,-3.37,1367.21,11
2099,TLMUSDT,XTZUSDT,-3.89,0.01,-3.37,0.02,11
1161,DOGEUSDT,STMXUSDT,-3.82,0.01,-3.37,19.39,11
1307,FTMUSDT,FXSUSDT,-3.65,0.02,-3.37,0.04,11
11,1000BTTUSDT,ANKRUSDT,-4.06,0.01,-3.37,0.04,11
8,1000BTTUSDT,ALGOUSDT,-4.29,0.0,-3.37,0.0,11
1086,DASHUSDT,REEFUSDT,-3.56,0.03,-3.37,18854.19,11
20,1000BTTUSDT,BAKEUSDT,-4.27,0.0,-3.37,0.0,11
2083,STXUSDT,YFIUSDT,-3.61,0.02,-3.37,0.0,11
545,ARUSDT,OMGUSDT,-3.42,0.04,-3.37,6.23,11
1182,DYDXUSDT,HBARUSDT,-3.42,0.04,-3.37,30.24,11
828,BSVUSDT,XTZUSDT,-3.89,0.01,-3.37,56.76,11
841,BTCUSDT,FLMUSDT,-3.62,0.02,-3.37,227140.14,11
44,1000BTTUSDT,DOGEUSDT,-5.24,0.0,-3.37,0.01,11
1058,DARUSDT,INJUSDT,-3.79,0.01,-3.37,0.09,11
1323,FXSUSDT,LOOKSUSDT,-3.96,0.01,-3.37,30.63,11
1322,FXSUSDT,LDOUSDT,-3.58,0.03,-3.37,3.82,11
544,ARUSDT,MATICUSDT,-3.89,0.01,-3.37,8.41,11
815,BSVUSDT,RSRUSDT,-4.14,0.0,-3.37,14244.26,11
2064,SKLUSDT,SXPUSDT,-4.05,0.01,-3.37,0.1,11
844,BTCUSDT,GMTUSDT,-4.22,0.0,-3.37,67972.32,11
399,AKROUSDT,XMRUSDT,-3.69,0.02,-3.37,0.0,11
1116,DENTUSDT,SWEATUSDT,-3.84,0.01,-3.37,0.07,11
592,AXSUSDT,SXPUSDT,-3.52,0.03,-3.37,31.28,11
1299,FLMUSDT,GMTUSDT,-4.41,0.0,-3.37,0.3,11
1062,DARUSDT,ONEUSDT,-3.47,0.03,-3.37,11.83,11
1833,ONTUSDT,THETAUSDT,-3.48,0.03,-3.37,0.21,10
179,AAVEUSDT,KAVAUSDT,-3.59,0.03,-3.37,88.9,10
1004,CRVUSDT,KNCUSDT,-4.31,0.0,-3.37,1.13,10
1803,OMGUSDT,STMXUSDT,-3.57,0.03,-3.37,286.86,10
187,AAVEUSDT,SXPUSDT,-3.38,0.04,-3.37,262.1,10
1672,LITUSDT,MATICUSDT,-3.51,0.03,-3.37,0.92,10
1095,DENTUSDT,ICPUSDT,-3.51,0.03,-3.37,0.0,10
1090,DENTUSDT,ETHUSDT,-3.41,0.04,-3.37,0.0,10
919,CELRUSDT,KNCUSDT,-3.5,0.03,-3.37,0.02,10
1752,MTLUSDT,SCRTUSDT,-5.53,0.0,-3.37,1.11,10
1377,GMXUSDT,KSMUSDT,-4.91,0.0,-3.37,1.75,10
1768,MTLUSDT,TLMUSDT,-5.61,0.0,-3.37,56.11,10
1113,DENTUSDT,SLPUSDT,-3.68,0.02,-3.37,0.34,10
553,AUDIOUSDT,LOOKSUSDT,-3.46,0.04,-3.37,0.87,10
532,APTUSDT,LOOKSUSDT,-3.45,0.04,-3.37,23.88,10
966,CREAMUSDT,HNTUSDT,-3.92,0.01,-3.37,6.41,10
1026,CRVUSDT,SANDUSDT,-3.68,0.02,-3.37,1.3,10
146,1000XECUSDT,HNTUSDT,-3.93,0.01,-3.37,0.01,10
1059,DARUSDT,KAVAUSDT,-3.91,0.01,-3.37,0.2,10
1495,HNTUSDT,SWEATUSDT,-4.56,0.0,-3.37,155.61,10
1497,HNTUSDT,XMRUSDT,-3.44,0.04,-3.37,0.01,10
1017,CRVUSDT,PEOPLEUSDT,-3.84,0.01,-3.37,25.89,10
1625,KNCUSDT,STORJUSDT,-3.45,0.04,-3.37,1.88,10
254,AGLDUSDT,COTIUSDT,-4.24,0.0,-3.37,5.08,10
1784,MTLUSDT,YFIUSDT,-4.12,0.0,-3.37,0.0,10
996,CRVUSDT,HBARUSDT,-3.7,0.02,-3.37,14.06,10
1749,MTLUSDT,RUNEUSDT,-4.47,0.0,-3.37,0.52,9
1522,HOTUSDT,UNFIUSDT,-4.1,0.01,-3.37,0.0,9
1703,LTCUSDT,RNDRUSDT,-3.42,0.04,-3.37,177.95,9
1746,MTLUSDT,ROSEUSDT,-3.86,0.01,-3.37,19.44,9
225,ACHUSDT,QTUMUSDT,-3.91,0.01,-3.37,0.0,9
1920,REQUSDT,STORJUSDT,-3.88,0.01,-3.37,0.34,9
1977,RSS3USDT,RUNEUSDT,-4.24,0.0,-3.37,0.08,9
1702,LTCUSDT,LUNA2USDT,-4.16,0.0,-3.37,56.39,9
1720,MASKUSDT,STORJUSDT,-4.1,0.01,-3.37,8.81,9
425,ALGOUSDT,SXPUSDT,-3.61,0.02,-3.37,0.88,9
1128,DGBUSDT,LDOUSDT,-3.77,0.01,-3.37,0.01,9
207,ACHUSDT,ENSUSDT,-3.99,0.01,-3.37,0.0,9
435,ALICEUSDT,C98USDT,-3.45,0.04,-3.37,6.77,9
224,ACHUSDT,ONEUSDT,-3.37,0.05,-3.37,0.77,9
1924,REQUSDT,TOMOUSDT,-4.02,0.01,-3.37,0.32,9
1045,CTKUSDT,TRXUSDT,-3.42,0.04,-3.37,13.5,9
75,1000BTTUSDT,LDOUSDT,-4.29,0.0,-3.37,0.0,9
806,BSVUSDT,INJUSDT,-4.42,0.0,-3.37,32.18,9
217,ACHUSDT,IOTAUSDT,-4.1,0.01,-3.37,0.05,9
1504,HOTUSDT,LOOKSUSDT,-4.58,0.0,-3.37,0.01,9
803,BSVUSDT,GRTUSDT,-3.99,0.01,-3.37,718.21,9
1972,RSRUSDT,SCUSDT,-3.98,0.01,-3.37,1.29,9
463,ALICEUSDT,SANDUSDT,-3.39,0.04,-3.37,2.64,9
668,BCHUSDT,WAVESUSDT,-4.0,0.01,-3.37,73.59,9
19,1000BTTUSDT,AXSUSDT,-4.2,0.0,-3.37,0.0,9
1933,REQUSDT,ZRXUSDT,-4.53,0.0,-3.37,0.56,9
1666,LINKUSDT,ONEUSDT,-3.54,0.03,-3.37,550.6,9
240,ACHUSDT,ZRXUSDT,-3.74,0.02,-3.37,0.05,9
1943,RNDRUSDT,SNXUSDT,-4.41,0.0,-3.37,0.27,9
242,ADAUSDT,BSWUSDT,-3.92,0.01,-3.37,1.52,9
1658,LINAUSDT,SXPUSDT,-3.59,0.03,-3.37,0.02,9
1932,REQUSDT,ZILUSDT,-4.9,0.0,-3.37,5.21,9
1590,IOTAUSDT,JASMYUSDT,-3.68,0.02,-3.37,51.51,9
939,CHZUSDT,KLAYUSDT,-3.38,0.04,-3.37,0.67,9
1593,IOTXUSDT,RSRUSDT,-3.43,0.04,-3.37,7.23,9
1647,LDOUSDT,ZRXUSDT,-3.78,0.01,-3.37,7.88,9
465,ALICEUSDT,SCUSDT,-3.75,0.02,-3.37,475.35,9
1646,LDOUSDT,ZILUSDT,-4.16,0.0,-3.37,73.54,9
1937,RNDRUSDT,RVNUSDT,-3.88,0.01,-3.37,21.3,9
534,APTUSDT,LUNA2USDT,-4.14,0.0,-3.37,2.82,9
1643,LDOUSDT,STORJUSDT,-3.44,0.04,-3.37,4.82,9
1642,LDOUSDT,SKLUSDT,-3.84,0.01,-3.37,57.28,9
1640,LDOUSDT,RVNUSDT,-3.65,0.02,-3.37,62.95,9
265,AKROUSDT,APEUSDT,-3.67,0.02,-3.37,0.0,9
264,AKROUSDT,ANTUSDT,-3.94,0.01,-3.37,0.0,9
742,BLZUSDT,ICXUSDT,-3.55,0.03,-3.37,0.35,9
282,AKROUSDT,BOBAUSDT,-3.63,0.02,-3.37,0.02,9
1197,EGLDUSDT,SWEATUSDT,-3.69,0.02,-3.37,3158.55,9
528,APTUSDT,CELOUSDT,-3.56,0.03,-3.37,7.45,9
1670,LITUSDT,LOOKSUSDT,-3.79,0.01,-3.37,4.66,9
466,ALICEUSDT,SKLUSDT,-3.94,0.01,-3.37,51.26,9
313,AKROUSDT,ENSUSDT,-3.75,0.02,-3.37,0.0,9
1229,FILUSDT,LDOUSDT,-4.03,0.01,-3.37,2.58,9
311,AKROUSDT,EGLDUSDT,-3.62,0.02,-3.37,0.0,9
310,AKROUSDT,DYDXUSDT,-3.65,0.02,-3.37,0.0,9
1963,RNDRUSDT,ZECUSDT,-4.26,0.0,-3.37,0.01,9
633,BANDUSDT,ZECUSDT,-3.83,0.01,-3.37,0.04,9
1266,FITFIUSDT,OPUSDT,-3.57,0.03,-3.37,0.02,9
1683,LOOKSUSDT,RNDRUSDT,-3.78,0.01,-3.37,0.37,9
809,BSVUSDT,LDOUSDT,-3.41,0.04,-3.37,34.21,9
1556,IMXUSDT,RNDRUSDT,-3.74,0.02,-3.37,0.97,9
1016,CRVUSDT,PAXGUSDT,-3.79,0.01,-3.37,0.0,9
1678,LITUSDT,UNIUSDT,-3.7,0.02,-3.37,0.13,9
1956,RNDRUSDT,WAVESUSDT,-4.15,0.0,-3.37,0.3,9
26,1000BTTUSDT,BLZUSDT,-4.18,0.0,-3.37,0.01,9
498,ANKRUSDT,LDOUSDT,-4.71,0.0,-3.37,0.01,9
942,CHZUSDT,SCRTUSDT,-3.91,0.01,-3.37,0.17,9
88,1000BTTUSDT,NEOUSDT,-4.18,0.0,-3.37,0.0,9
738,BLZUSDT,BTCUSDT,-4.2,0.0,-3.37,0.0,9
231,ACHUSDT,STORJUSDT,-3.61,0.02,-3.37,0.03,9
593,AXSUSDT,UNFIUSDT,-6.89,0.0,-3.37,1.69,9
1631,LDOUSDT,LOOKSUSDT,-3.89,0.01,-3.37,7.95,9
193,ACHUSDT,APEUSDT,-3.61,0.02,-3.37,0.0,9
2032,SANDUSDT,TLMUSDT,-4.06,0.01,-3.37,33.41,9
1398,GMXUSDT,OMGUSDT,-4.86,0.0,-3.37,39.4,9
1399,GMXUSDT,ONEUSDT,-4.92,0.0,-3.37,4039.07,9
164,1INCHUSDT,ZRXUSDT,-3.56,0.03,-3.37,2.52,9
603,BAKEUSDT,HOTUSDT,-3.49,0.03,-3.37,91.28,9
104,1000BTTUSDT,RSRUSDT,-4.05,0.01,-3.37,0.21,9
388,AKROUSDT,TLMUSDT,-3.63,0.02,-3.37,0.25,9
1410,GMXUSDT,ROSEUSDT,-4.97,0.0,-3.37,1165.01,9
1892,REEFUSDT,WOOUSDT,-3.54,0.03,-3.37,0.02,9
852,BTCUSDT,LOOKSUSDT,-4.37,0.0,-3.37,109119.17,9
394,AKROUSDT,VETUSDT,-3.65,0.02,-3.37,0.19,9
842,BTCUSDT,FTMUSDT,-3.88,0.01,-3.37,79218.21,9
2043,SCRTUSDT,XTZUSDT,-4.07,0.01,-3.37,0.84,9
1859,PEOPLEUSDT,SANDUSDT,-3.96,0.01,-3.37,0.05,9
868,BTCUSDT,SNXUSDT,-3.59,0.03,-3.37,10940.79,9
352,AKROUSDT,MATICUSDT,-3.68,0.02,-3.37,0.0,9
39,1000BTTUSDT,CRVUSDT,-5.19,0.0,-3.37,0.0,9
2047,SCUSDT,SKLUSDT,-4.14,0.0,-3.37,0.11,9
1993,RSS3USDT,SUSHIUSDT,-4.31,0.0,-3.37,0.11,9
1397,GMXUSDT,OGNUSDT,-4.84,0.0,-3.37,470.47,9
819,BSVUSDT,SKLUSDT,-3.85,0.01,-3.37,1987.02,9
158,1INCHUSDT,LOOKSUSDT,-3.71,0.02,-3.37,2.54,9
2100,TLMUSDT,ZECUSDT,-3.46,0.04,-3.37,0.0,9
1316,FTMUSDT,YFIUSDT,-4.49,0.0,-3.37,0.0,9
879,C98USDT,DOTUSDT,-3.77,0.01,-3.37,0.04,9
1358,GMXUSDT,GRTUSDT,-4.91,0.0,-3.37,704.31,9
1369,GMXUSDT,IOTAUSDT,-5.06,0.0,-3.37,234.92,9
1370,GMXUSDT,IOTXUSDT,-4.87,0.0,-3.37,1931.59,9
2014,RSS3USDT,YFIUSDT,-4.25,0.0,-3.37,0.0,9
1312,FTMUSDT,RUNEUSDT,-3.39,0.04,-3.37,0.16,9
1848,PAXGUSDT,SUSHIUSDT,-3.57,0.03,-3.37,1893.12,9
1309,FTMUSDT,KNCUSDT,-3.63,0.02,-3.37,0.45,9
1352,GMTUSDT,RUNEUSDT,-3.39,0.04,-3.37,0.19,9
610,BAKEUSDT,REQUSDT,-4.09,0.01,-3.37,1.53,9
2010,RSS3USDT,XMRUSDT,-4.86,0.0,-3.37,0.0,9
1385,GMXUSDT,LTCUSDT,-4.99,0.0,-3.37,0.57,9
9,1000BTTUSDT,ALICEUSDT,-4.44,0.0,-3.37,0.0,9
49,1000BTTUSDT,ENSUSDT,-4.75,0.0,-3.37,0.0,9
1074,DARUSDT,SHIB1000USDT,-4.4,0.0,-3.37,14.73,9
1390,GMXUSDT,MATICUSDT,-4.86,0.0,-3.37,53.16,9
1831,ONTUSDT,SKLUSDT,-4.27,0.0,-3.37,7.29,9
1796,OGNUSDT,ZECUSDT,-3.75,0.02,-3.37,0.0,9
895,C98USDT,STMXUSDT,-3.43,0.04,-3.37,43.91,9
1361,GMXUSDT,HNTUSDT,-4.85,0.0,-3.37,25.02,9
1443,GMXUSDT,WOOUSDT,-4.88,0.0,-3.37,327.68,9
197,ACHUSDT,BAKEUSDT,-3.49,0.03,-3.37,0.06,9
129,1000BTTUSDT,XMRUSDT,-3.59,0.02,-3.37,0.0,9
415,ALGOUSDT,IOSTUSDT,-3.47,0.03,-3.37,25.86,9
1771,MTLUSDT,TRXUSDT,-4.15,0.0,-3.37,12.77,9
1455,GMXUSDT,ZRXUSDT,-4.91,0.0,-3.37,268.85,9
381,AKROUSDT,STORJUSDT,-3.67,0.02,-3.37,0.01,9
1447,GMXUSDT,XNOUSDT,-4.84,0.0,-3.37,62.46,9
1327,FXSUSDT,SKLUSDT,-3.63,0.02,-3.37,220.72,9
964,CREAMUSDT,DARUSDT,-3.39,0.04,-3.37,87.37,9
1446,GMXUSDT,XMRUSDT,-4.88,0.0,-3.37,0.28,9
1787,MTLUSDT,ZENUSDT,-4.23,0.0,-3.37,0.08,9
199,ACHUSDT,BELUSDT,-3.5,0.03,-3.37,0.02,9
201,ACHUSDT,CELOUSDT,-3.65,0.02,-3.37,0.02,9
1919,REQUSDT,STMXUSDT,-3.59,0.03,-3.37,23.5,9
1438,GMXUSDT,UNFIUSDT,-4.89,0.0,-3.37,10.88,9
1464,GRTUSDT,SCRTUSDT,-3.55,0.03,-3.37,0.09,9
1788,MTLUSDT,ZILUSDT,-3.78,0.01,-3.37,41.84,9
595,AXSUSDT,ZILUSDT,-3.69,0.02,-3.37,389.91,9
1439,GMXUSDT,UNIUSDT,-4.92,0.0,-3.37,7.78,9
349,AKROUSDT,LUNA2USDT,-3.73,0.02,-3.37,0.0,9
1155,DOGEUSDT,LOOKSUSDT,-3.75,0.02,-3.37,0.46,8
1494,HNTUSDT,RSRUSDT,-3.39,0.04,-3.37,556.73,8
1175,DUSKUSDT,HNTUSDT,-3.54,0.03,-3.37,0.05,8
1475,GTCUSDT,LOOKSUSDT,-3.7,0.02,-3.37,8.59,8
639,BATUSDT,CRVUSDT,-3.61,0.02,-3.37,0.32,8
978,CREAMUSDT,ZENUSDT,-3.72,0.02,-3.37,1.17,8
251,ADAUSDT,ZILUSDT,-3.62,0.02,-3.37,15.63,8
1627,KNCUSDT,TLMUSDT,-3.49,0.03,-3.37,38.35,8
999,CRVUSDT,ICXUSDT,-3.56,0.03,-3.37,3.67,8
1030,CRVUSDT,SKLUSDT,-3.48,0.03,-3.37,25.19,8
1098,DENTUSDT,KDAUSDT,-3.59,0.03,-3.37,0.0,8
1765,MTLUSDT,SWEATUSDT,-4.08,0.01,-3.37,65.14,8
1741,MTLUSDT,QNTUSDT,-4.43,0.0,-3.37,0.01,8
1034,CRVUSDT,SUSHIUSDT,-3.46,0.04,-3.37,0.55,8
1709,MAGICUSDT,SWEATUSDT,-3.65,0.02,-3.37,47.89,8
181,AAVEUSDT,PAXGUSDT,-3.72,0.02,-3.37,0.03,8
1125,DGBUSDT,HNTUSDT,-3.44,0.04,-3.37,0.0,8
758,BNBUSDT,HNTUSDT,-3.75,0.02,-3.37,151.6,8
846,BTCUSDT,HNTUSDT,-3.4,0.04,-3.37,10100.2,8
725,BICOUSDT,ETHWUSDT,-3.55,0.03,-3.37,0.09,8
185,AAVEUSDT,SCUSDT,-3.68,0.02,-3.37,23549.98,8
100,1000BTTUSDT,RENUSDT,-4.27,0.0,-3.37,0.01,8
984,CRVUSDT,DASHUSDT,-3.61,0.02,-3.37,0.01,8
1127,DGBUSDT,KNCUSDT,-3.57,0.03,-3.37,0.02,8
2065,SLPUSDT,ZENUSDT,-3.58,0.03,-3.37,0.0,8
1617,KNCUSDT,PAXGUSDT,-3.87,0.01,-3.37,0.0,8
605,BAKEUSDT,KNCUSDT,-3.71,0.02,-3.37,0.28,8
1220,ETHWUSDT,QNTUSDT,-3.72,0.02,-3.37,0.03,8
1009,CRVUSDT,LRCUSDT,-3.57,0.03,-3.37,2.75,8
1096,DENTUSDT,INJUSDT,-3.38,0.05,-3.37,0.0,8
1754,MTLUSDT,SHIB1000USDT,-4.6,0.0,-3.37,83.94,8
1632,LDOUSDT,ONEUSDT,-3.45,0.04,-3.37,118.42,7
1638,LDOUSDT,RSRUSDT,-3.58,0.03,-3.37,410.23,7
877,BTCUSDT,ZRXUSDT,-3.84,0.01,-3.37,108490.68,7
1883,REEFUSDT,SANDUSDT,-4.86,0.0,-3.37,0.01,7
1168,DOTUSDT,LDOUSDT,-3.47,0.04,-3.37,3.65,7
551,AUDIOUSDT,GMTUSDT,-3.49,0.03,-3.37,0.54,7
1637,LDOUSDT,ROSEUSDT,-3.89,0.01,-3.37,34.15,7
1644,LDOUSDT,SXPUSDT,-3.78,0.01,-3.37,5.89,7
23,1000BTTUSDT,BATUSDT,-4.85,0.0,-3.37,0.0,7
1641,LDOUSDT,SANDUSDT,-3.7,0.02,-3.37,2.96,7
1636,LDOUSDT,RNDRUSDT,-3.78,0.01,-3.37,2.95,7
136,1000BTTUSDT,ZRXUSDT,-4.89,0.0,-3.37,0.0,7
1633,LDOUSDT,ONTUSDT,-3.94,0.01,-3.37,7.83,7
2108,USDCUSDT,ZECUSDT,-4.72,0.0,-3.37,0.03,7
2110,XLMUSDT,YFIUSDT,-3.57,0.03,-3.37,0.0,7
1635,LDOUSDT,REEFUSDT,-3.96,0.01,-3.37,522.82,7
1868,QNTUSDT,XNOUSDT,-3.39,0.04,-3.37,165.05,7
876,BTCUSDT,ZILUSDT,-3.87,0.01,-3.37,1011977.29,7
118,1000BTTUSDT,SXPUSDT,-4.2,0.0,-3.37,0.0,7
1753,MTLUSDT,SFPUSDT,-4.2,0.0,-3.37,1.75,7
1066,DARUSDT,PEOPLEUSDT,-4.73,0.0,-3.37,5.87,7
112,1000BTTUSDT,SNXUSDT,-4.15,0.0,-3.37,0.0,7
915,CELRUSDT,FTMUSDT,-3.71,0.02,-3.37,0.05,7
1712,MANAUSDT,PAXGUSDT,-3.37,0.05,-3.37,0.0,7
1789,MTLUSDT,ZRXUSDT,-3.56,0.03,-3.37,4.49,7
1131,DGBUSDT,MANAUSDT,-3.91,0.01,-3.37,0.03,7
1929,REQUSDT,YFIUSDT,-3.41,0.04,-3.37,0.0,7
215,ACHUSDT,IMXUSDT,-3.37,0.05,-3.37,0.02,7
211,ACHUSDT,GRTUSDT,-3.6,0.02,-3.37,0.13,7
2082,STXUSDT,XTZUSDT,-4.33,0.0,-3.37,0.29,7
1915,REQUSDT,SANDUSDT,-4.55,0.0,-3.37,0.21,7
210,ACHUSDT,GMTUSDT,-3.54,0.03,-3.37,0.03,7
904,C98USDT,ZECUSDT,-4.1,0.01,-3.37,0.0,7
1773,MTLUSDT,UNIUSDT,-4.26,0.0,-3.37,0.13,7
1769,MTLUSDT,TOMOUSDT,-4.43,0.0,-3.37,2.59,7
1737,MTLUSDT,ONTUSDT,-3.78,0.01,-3.37,4.46,7
17,1000BTTUSDT,AUDIOUSDT,-4.4,0.0,-3.37,0.0,7
203,ACHUSDT,CTCUSDT,-3.61,0.02,-3.37,0.02,7
1917,REQUSDT,SNXUSDT,-4.98,0.0,-3.37,0.06,7
1044,CTKUSDT,LPTUSDT,-3.51,0.03,-3.37,0.16,7
1801,OMGUSDT,SANDUSDT,-3.77,0.01,-3.37,2.55,7
918,CELRUSDT,GRTUSDT,-4.64,0.0,-3.37,0.17,7
1843,PAXGUSDT,REEFUSDT,-3.53,0.03,-3.37,790434.98,7
1855,PAXGUSDT,ZRXUSDT,-3.44,0.04,-3.37,11907.06,7
1853,PAXGUSDT,YFIUSDT,-3.45,0.04,-3.37,0.35,7
1663,LINKUSDT,LOOKSUSDT,-3.47,0.04,-3.37,36.87,7
749,BLZUSDT,RNDRUSDT,-3.54,0.03,-3.37,0.13,7
1852,PAXGUSDT,XTZUSDT,-4.25,0.0,-3.37,2465.85,7
239,ACHUSDT,ZILUSDT,-3.57,0.03,-3.37,0.48,7
148,1000XECUSDT,QNTUSDT,-3.51,0.03,-3.37,0.0,7
564,AXSUSDT,BTCUSDT,-4.19,0.0,-3.37,0.0,7
105,1000BTTUSDT,RUNEUSDT,-4.17,0.0,-3.37,0.0,7
2096,THETAUSDT,XTZUSDT,-3.45,0.04,-3.37,1.0,7
568,AXSUSDT,DODOUSDT,-3.88,0.01,-3.37,67.26,7
1677,LITUSDT,STMXUSDT,-3.54,0.03,-3.37,194.82,7
106,1000BTTUSDT,RVNUSDT,-4.17,0.0,-3.37,0.03,7
751,BLZUSDT,SCRTUSDT,-4.7,0.0,-3.37,0.08,7
574,AXSUSDT,FXSUSDT,-4.11,0.0,-3.37,1.37,7
580,AXSUSDT,LDOUSDT,-4.05,0.01,-3.37,5.24,7
636,BATUSDT,BTCUSDT,-3.71,0.02,-3.37,0.0,7
121,1000BTTUSDT,TOMOUSDT,-4.17,0.0,-3.37,0.0,7
1935,RNDRUSDT,RSRUSDT,-4.53,0.0,-3.37,138.66,7
851,BTCUSDT,LDOUSDT,-5.44,0.0,-3.37,13524.29,7
324,AKROUSDT,GALAUSDT,-3.63,0.02,-3.37,0.17,7
362,AKROUSDT,ONTUSDT,-3.63,0.02,-3.37,0.02,7
321,AKROUSDT,FLOWUSDT,-3.65,0.02,-3.37,0.0,7
850,BTCUSDT,KNCUSDT,-4.36,0.0,-3.37,35376.15,7
1242,FITFIUSDT,FTMUSDT,-4.29,0.0,-3.37,0.11,7
1388,GMXUSDT,MANAUSDT,-4.89,0.0,-3.37,132.35,7
1005,CRVUSDT,LDOUSDT,-3.45,0.04,-3.37,0.43,7
318,AKROUSDT,FILUSDT,-3.62,0.02,-3.37,0.0,7
1525,HOTUSDT,ZECUSDT,-3.75,0.02,-3.37,0.0,7
1526,HOTUSDT,ZILUSDT,-3.67,0.02,-3.37,0.09,7
1527,HOTUSDT,ZRXUSDT,-4.53,0.0,-3.37,0.01,7
317,AKROUSDT,ETHWUSDT,-3.62,0.02,-3.37,0.0,7
685,BELUSDT,FTMUSDT,-4.53,0.0,-3.37,1.89,7
1537,ICXUSDT,SANDUSDT,-3.81,0.01,-3.37,0.35,7
1382,GMXUSDT,LOOKSUSDT,-4.89,0.0,-3.37,270.38,7
1544,ILVUSDT,LOOKSUSDT,-3.59,0.03,-3.37,254.21,7
365,AKROUSDT,PEOPLEUSDT,-3.62,0.02,-3.37,0.15,7
1378,GMXUSDT,LDOUSDT,-4.92,0.0,-3.37,33.49,7
1222,ETHWUSDT,TRBUSDT,-4.17,0.0,-3.37,0.25,7
1310,FTMUSDT,LDOUSDT,-3.79,0.01,-3.37,0.17,7
298,AKROUSDT,CTCUSDT,-4.39,0.0,-3.37,0.01,7
687,BELUSDT,GALUSDT,-3.77,0.01,-3.37,0.37,7
1502,HOTUSDT,LDOUSDT,-3.62,0.02,-3.37,0.0,7
1554,IMXUSDT,PAXGUSDT,-3.46,0.04,-3.37,0.0,7
1396,GMXUSDT,OCEANUSDT,-4.86,0.0,-3.37,238.93,7
347,AKROUSDT,LRCUSDT,-3.62,0.02,-3.37,0.02,7
1450,GMXUSDT,YFIUSDT,-4.89,0.0,-3.37,0.01,7
1451,GMXUSDT,YGGUSDT,-4.91,0.0,-3.37,244.79,7
345,AKROUSDT,LOOKSUSDT,-3.65,0.02,-3.37,0.02,7
1460,GRTUSDT,MATICUSDT,-3.87,0.01,-3.37,0.08,7
407,AKROUSDT,ZILUSDT,-3.65,0.02,-3.37,0.19,7
1986,RSS3USDT,SNXUSDT,-4.23,0.0,-3.37,0.07,7
403,AKROUSDT,YFIUSDT,-3.67,0.02,-3.37,0.0,7
1416,GMXUSDT,SCRTUSDT,-4.88,0.0,-3.37,66.59,7
1476,GTCUSDT,LTCUSDT,-3.55,0.03,-3.37,0.02,7
1998,RSS3USDT,TOMOUSDT,-4.16,0.0,-3.37,0.39,7
392,AKROUSDT,UNFIUSDT,-3.64,0.02,-3.37,0.0,7
1979,RSS3USDT,SANDUSDT,-4.27,0.0,-3.37,0.25,7
422,ALGOUSDT,REQUSDT,-3.63,0.02,-3.37,2.09,7
1406,GMXUSDT,REEFUSDT,-4.91,0.0,-3.37,17847.64,7
840,BTCUSDT,DOTUSDT,-4.31,0.0,-3.37,3715.08,7
1405,GMXUSDT,QTUMUSDT,-4.9,0.0,-3.37,21.85,7
1404,GMXUSDT,QNTUSDT,-4.85,0.0,-3.37,0.38,7
1255,FITFIUSDT,LDOUSDT,-4.19,0.0,-3.37,0.02,7
329,AKROUSDT,HNTUSDT,-3.63,0.02,-3.37,0.0,7
1499,HOTUSDT,IMXUSDT,-3.78,0.01,-3.37,0.0,7
1552,IMXUSDT,LDOUSDT,-4.0,0.01,-3.37,0.32,7
2063,SHIB1000USDT,XNOUSDT,-3.42,0.04,-3.37,0.01,7
2068,SNXUSDT,TLMUSDT,-3.84,0.01,-3.37,123.91,7
848,BTCUSDT,IMXUSDT,-5.27,0.0,-3.37,41806.16,7
370,AKROUSDT,RSRUSDT,-3.63,0.02,-3.37,1.03,7
531,APTUSDT,LINKUSDT,-3.7,0.02,-3.37,0.65,7
281,AKROUSDT,BNXUSDT,-3.75,0.02,-3.37,0.0,7
1342,GLMRUSDT,XMRUSDT,-4.34,0.0,-3.37,0.0,7
90,1000BTTUSDT,OGNUSDT,-4.04,0.01,-3.37,0.01,7
372,AKROUSDT,RUNEUSDT,-3.64,0.02,-3.37,0.0,7
936,CHZUSDT,EGLDUSDT,-4.12,0.0,-3.37,0.0,7
1364,GMXUSDT,ICXUSDT,-4.93,0.0,-3.37,283.66,7
376,AKROUSDT,SHIB1000USDT,-3.62,0.02,-3.37,0.37,7
276,AKROUSDT,BELUSDT,-3.64,0.02,-3.37,0.01,7
847,BTCUSDT,ICXUSDT,-3.44,0.04,-3.37,114463.58,7
1350,GMTUSDT,RNDRUSDT,-4.26,0.0,-3.37,0.6,7
274,AKROUSDT,BATUSDT,-3.66,0.02,-3.37,0.02,7
1318,FXSUSDT,GRTUSDT,-3.39,0.04,-3.37,79.75,7
266,AKROUSDT,APTUSDT,-3.69,0.02,-3.37,0.0,7
283,AKROUSDT,BSVUSDT,-3.66,0.02,-3.37,0.0,7
511,ANKRUSDT,SANDUSDT,-3.68,0.02,-3.37,0.04,7
862,BTCUSDT,ROSEUSDT,-3.44,0.04,-3.37,470113.89,7
1313,FTMUSDT,SCRTUSDT,-3.52,0.03,-3.37,0.34,7
261,AKROUSDT,ALICEUSDT,-3.63,0.02,-3.37,0.0,7
1613,KLAYUSDT,XNOUSDT,-3.44,0.04,-3.37,0.23,7
292,AKROUSDT,CHZUSDT,-3.63,0.02,-3.37,0.03,7
1355,GMTUSDT,STORJUSDT,-3.43,0.04,-3.37,0.98,7
2016,RSS3USDT,ZECUSDT,-4.23,0.0,-3.37,0.0,7
369,AKROUSDT,ROSEUSDT,-3.68,0.02,-3.37,0.09,7
288,AKROUSDT,CELOUSDT,-3.73,0.02,-3.37,0.01,7
739,BLZUSDT,DARUSDT,-3.59,0.03,-3.37,0.42,6
1496,HNTUSDT,SXPUSDT,-3.4,0.04,-3.37,8.01,6
1491,HNTUSDT,LRCUSDT,-3.93,0.01,-3.37,8.47,6
625,BANDUSDT,KAVAUSDT,-3.97,0.01,-3.37,2.35,6
1453,GMXUSDT,ZENUSDT,-4.81,0.0,-3.37,4.59,6
413,ALGOUSDT,FXSUSDT,-3.53,0.03,-3.37,0.04,6
256,AGLDUSDT,KSMUSDT,-4.18,0.0,-3.37,0.01,6
1766,MTLUSDT,SXPUSDT,-4.84,0.0,-3.37,3.36,6
1609,KAVAUSDT,KLAYUSDT,-3.41,0.04,-3.37,3.91,6
176,AAVEUSDT,HOTUSDT,-3.45,0.04,-3.37,37263.23,6
1088,DENTUSDT,EGLDUSDT,-3.52,0.03,-3.37,0.0,6
1112,DENTUSDT,SHIB1000USDT,-3.47,0.04,-3.37,0.08,6
832,BSWUSDT,HNTUSDT,-3.73,0.02,-3.37,0.1,6
600,BAKEUSDT,FTMUSDT,-3.69,0.02,-3.37,0.63,6
1759,MTLUSDT,STGUSDT,-3.69,0.02,-3.37,1.9,6
1097,DENTUSDT,KAVAUSDT,-3.58,0.03,-3.37,0.0,6
1101,DENTUSDT,KSMUSDT,-4.05,0.01,-3.37,0.0,6
1387,GMXUSDT,MAGICUSDT,-5.08,0.0,-3.37,78.67,6
1501,HOTUSDT,KNCUSDT,-3.79,0.01,-3.37,0.0,6
1104,DENTUSDT,MAGICUSDT,-4.12,0.0,-3.37,0.0,6
241,ADAUSDT,BELUSDT,-4.59,0.0,-3.37,0.65,6
485,ANKRUSDT,DARUSDT,-3.63,0.02,-3.37,0.13,6
74,1000BTTUSDT,KNCUSDT,-4.27,0.0,-3.37,0.0,6
1141,DODOUSDT,KNCUSDT,-3.43,0.04,-3.37,0.2,6
1710,MAGICUSDT,ZENUSDT,-3.4,0.04,-3.37,0.06,6
21,1000BTTUSDT,BALUSDT,-3.98,0.01,-3.37,0.0,6
1375,GMXUSDT,KLAYUSDT,-4.83,0.0,-3.37,267.34,5
1840,OPUSDT,SUSHIUSDT,-3.46,0.04,-3.37,1.01,5
384,AKROUSDT,SUSHIUSDT,-3.62,0.02,-3.37,0.0,5
1846,PAXGUSDT,SNXUSDT,-4.28,0.0,-3.37,1200.77,5
54,1000BTTUSDT,FLMUSDT,-4.23,0.0,-3.37,0.01,5
899,C98USDT,TOMOUSDT,-4.11,0.01,-3.37,0.6,5
867,BTCUSDT,SKLUSDT,-4.14,0.0,-3.37,786334.07,5
1400,GMXUSDT,ONTUSDT,-4.88,0.0,-3.37,267.42,5
1854,PAXGUSDT,ZECUSDT,-3.64,0.02,-3.37,46.69,5
1431,GMXUSDT,SXPUSDT,-4.84,0.0,-3.37,201.26,5
111,1000BTTUSDT,SKLUSDT,-4.03,0.01,-3.37,0.03,5
881,C98USDT,FTMUSDT,-3.76,0.02,-3.37,0.76,5
1442,GMXUSDT,WAVESUSDT,-4.82,0.0,-3.37,30.67,5
1786,MTLUSDT,ZECUSDT,-4.58,0.0,-3.37,0.02,5
1785,MTLUSDT,YGGUSDT,-4.16,0.0,-3.37,4.08,5
124,1000BTTUSDT,UNIUSDT,-4.75,0.0,-3.37,0.0,5
380,AKROUSDT,STMXUSDT,-3.64,0.02,-3.37,0.84,5
845,BTCUSDT,GRTUSDT,-3.45,0.04,-3.37,284234.77,5
2053,SCUSDT,WAVESUSDT,-3.59,0.02,-3.37,0.0,5
1,10000NFTUSDT,SWEATUSDT,-4.12,0.0,-3.37,0.4,5
393,AKROUSDT,UNIUSDT,-3.69,0.02,-3.37,0.0,5
1429,GMXUSDT,SUSHIUSDT,-4.87,0.0,-3.37,42.74,5
154,1INCHUSDT,FTMUSDT,-3.4,0.04,-3.37,1.84,5
1356,GMTUSDT,UNFIUSDT,-5.86,0.0,-3.37,0.06,5
1373,GMXUSDT,KAVAUSDT,-4.82,0.0,-3.37,68.16,5
1820,ONTUSDT,OPUSDT,-3.5,0.03,-3.37,0.16,5
1302,FLMUSDT,LDOUSDT,-3.42,0.04,-3.37,0.06,5
1078,DARUSDT,TRBUSDT,-3.87,0.01,-3.37,0.01,5
385,AKROUSDT,SWEATUSDT,-3.64,0.02,-3.37,0.29,5
107,1000BTTUSDT,SANDUSDT,-4.37,0.0,-3.37,0.0,5
133,1000BTTUSDT,YGGUSDT,-4.31,0.0,-3.37,0.0,5
1320,FXSUSDT,IMXUSDT,-3.52,0.03,-3.37,11.72,5
138,1000LUNCUSDT,JASMYUSDT,-3.69,0.02,-3.37,44.46,5
1837,OPUSDT,RNDRUSDT,-3.45,0.04,-3.37,2.39,5
980,CROUSDT,OPUSDT,-4.05,0.01,-3.37,0.06,5
2106,USDCUSDT,XTZUSDT,-4.46,0.0,-3.37,1.34,5
2092,SXPUSDT,WOOUSDT,-3.81,0.01,-3.37,1.63,5
990,CRVUSDT,ETHWUSDT,-3.96,0.01,-3.37,0.17,5
389,AKROUSDT,TOMOUSDT,-3.69,0.02,-3.37,0.01,5
871,BTCUSDT,SXPUSDT,-6.27,0.0,-3.37,81213.53,5
117,1000BTTUSDT,SUSHIUSDT,-3.99,0.01,-3.37,0.0,5
1401,GMXUSDT,OPUSDT,-4.86,0.0,-3.37,42.07,5
1425,GMXUSDT,STMXUSDT,-4.84,0.0,-3.37,11301.69,5
606,BAKEUSDT,LDOUSDT,-4.48,0.0,-3.37,0.11,5
70,1000BTTUSDT,IOTAUSDT,-3.66,0.02,-3.37,0.0,5
903,C98USDT,XTZUSDT,-3.42,0.04,-3.37,0.22,5
1012,CRVUSDT,NEARUSDT,-3.75,0.02,-3.37,0.38,5
578,AXSUSDT,IOSTUSDT,-3.49,0.03,-3.37,923.4,5
1960,RNDRUSDT,XTZUSDT,-4.46,0.0,-3.37,0.55,5
1219,ETHWUSDT,NEARUSDT,-3.63,0.02,-3.37,2.22,5
1142,DODOUSDT,LDOUSDT,-3.94,0.01,-3.37,0.08,5
920,CELRUSDT,LDOUSDT,-4.19,0.0,-3.37,0.01,5
228,ACHUSDT,RUNEUSDT,-3.47,0.04,-3.37,0.01,5
1694,LOOKSUSDT,THETAUSDT,-3.72,0.02,-3.37,0.21,5
1543,ILVUSDT,INJUSDT,-3.63,0.02,-3.37,29.67,5
1931,REQUSDT,ZECUSDT,-4.09,0.01,-3.37,0.0,5
1560,IMXUSDT,SANDUSDT,-3.62,0.02,-3.37,0.97,5
1701,LRCUSDT,OPUSDT,-3.87,0.01,-3.37,0.2,5
221,ACHUSDT,LTCUSDT,-3.8,0.01,-3.37,0.0,5
320,AKROUSDT,FLMUSDT,-3.64,0.02,-3.37,0.04,5
1713,MANAUSDT,REEFUSDT,-4.57,0.0,-3.37,134.66,5
1714,MANAUSDT,RNDRUSDT,-4.41,0.0,-3.37,0.76,5
1718,MANAUSDT,TLMUSDT,-3.53,0.03,-3.37,25.37,5
452,ALICEUSDT,LDOUSDT,-4.35,0.0,-3.37,0.88,5
219,ACHUSDT,LDOUSDT,-3.44,0.04,-3.37,0.01,5
294,AKROUSDT,COMPUSDT,-3.62,0.02,-3.37,0.0,5
1569,INJUSDT,PAXGUSDT,-3.49,0.03,-3.37,0.0,5
1500,HOTUSDT,IOSTUSDT,-4.07,0.01,-3.37,0.21,5
1601,JSTUSDT,LOOKSUSDT,-3.59,0.03,-3.37,0.13,5
260,AKROUSDT,ALGOUSDT,-3.63,0.02,-3.37,0.02,5
1634,LDOUSDT,QTUMUSDT,-3.54,0.03,-3.37,0.64,5
546,ARUSDT,REQUSDT,-3.38,0.04,-3.37,76.06,5
1616,KNCUSDT,OPUSDT,-4.0,0.01,-3.37,0.48,5
1183,DYDXUSDT,JASMYUSDT,-3.37,0.05,-3.37,336.8,5
1191,EGLDUSDT,OCEANUSDT,-3.57,0.03,-3.37,193.35,5
741,BLZUSDT,FXSUSDT,-3.71,0.02,-3.37,0.01,5
24,1000BTTUSDT,BCHUSDT,-3.58,0.03,-3.37,0.0,5
93,1000BTTUSDT,ONTUSDT,-4.36,0.0,-3.37,0.0,5
289,AKROUSDT,CELRUSDT,-3.65,0.02,-3.37,0.31,5
92,1000BTTUSDT,ONEUSDT,-4.82,0.0,-3.37,0.06,5
863,BTCUSDT,RSRUSDT,-3.53,0.03,-3.37,5637279.4,5
273,AKROUSDT,BALUSDT,-3.62,0.02,-3.37,0.0,5
275,AKROUSDT,BCHUSDT,-3.67,0.02,-3.37,0.0,5
558,AVAXUSDT,BALUSDT,-4.04,0.01,-3.37,2.14,5
279,AKROUSDT,BLZUSDT,-3.65,0.02,-3.37,0.06,5
1576,IOSTUSDT,LDOUSDT,-4.23,0.0,-3.37,0.01,5
522,API3USDT,KAVAUSDT,-3.58,0.03,-3.37,1.75,5
1124,DGBUSDT,FILUSDT,-3.65,0.02,-3.37,0.0,5
325,AKROUSDT,GALUSDT,-3.63,0.02,-3.37,0.0,5
1461,GRTUSDT,PAXGUSDT,-3.43,0.04,-3.37,0.0,5
1772,MTLUSDT,UNFIUSDT,-3.93,0.01,-3.37,0.18,5
198,ACHUSDT,BATUSDT,-3.63,0.02,-3.37,0.05,5
338,AKROUSDT,KLAYUSDT,-3.62,0.02,-3.37,0.02,5
623,BANDUSDT,ETHWUSDT,-3.5,0.03,-3.37,0.46,5
341,AKROUSDT,LDOUSDT,-3.63,0.02,-3.37,0.0,5
1747,MTLUSDT,RSRUSDT,-3.93,0.01,-3.37,233.07,5
69,1000BTTUSDT,IOSTUSDT,-4.27,0.0,-3.37,0.09,5
1984,RSS3USDT,SKLUSDT,-4.29,0.0,-3.37,4.88,5
420,ALGOUSDT,MATICUSDT,-3.88,0.01,-3.37,0.23,5
767,BOBAUSDT,GLMRUSDT,-3.41,0.04,-3.37,0.51,5
1454,GMXUSDT,ZILUSDT,-4.92,0.0,-3.37,2507.74,5
205,ACHUSDT,DOTUSDT,-3.4,0.04,-3.37,0.0,5
421,ALGOUSDT,OMGUSDT,-3.56,0.03,-3.37,0.17,5
865,BTCUSDT,SANDUSDT,-3.88,0.01,-3.37,40541.23,5
1449,GMXUSDT,XTZUSDT,-4.84,0.0,-3.37,55.67,5
434,ALICEUSDT,BTCUSDT,-4.77,0.0,-3.37,0.0,5
16,1000BTTUSDT,ARUSDT,-4.81,0.0,-3.37,0.0,5
196,ACHUSDT,AXSUSDT,-3.4,0.04,-3.37,0.0,5
1732,MTLUSDT,NEOUSDT,-4.08,0.01,-3.37,0.11,5
96,1000BTTUSDT,PEOPLEUSDT,-4.79,0.0,-3.37,0.03,5
18,1000BTTUSDT,AVAXUSDT,-4.17,0.0,-3.37,0.0,5
1928,REQUSDT,XTZUSDT,-4.69,0.0,-3.37,0.12,5
855,BTCUSDT,MATICUSDT,-3.58,0.03,-3.37,21450.08,5
1121,DENTUSDT,XNOUSDT,-3.81,0.01,-3.37,0.0,4
1587,IOSTUSDT,SKLUSDT,-3.53,0.03,-3.37,0.33,4
1109,DENTUSDT,QNTUSDT,-3.42,0.04,-3.37,0.0,4
38,1000BTTUSDT,CROUSDT,-3.98,0.01,-3.37,0.01,4
13,1000BTTUSDT,API3USDT,-3.65,0.02,-3.37,0.0,4
340,AKROUSDT,KSMUSDT,-3.61,0.02,-3.37,0.0,4
1025,CRVUSDT,RUNEUSDT,-3.39,0.04,-3.37,0.41,4
1042,CRVUSDT,YFIUSDT,-3.57,0.03,-3.37,0.0,4
838,BTCUSDT,CROUSDT,-3.68,0.02,-3.37,288644.16,4
1103,DENTUSDT,LRCUSDT,-3.52,0.03,-3.37,0.0,4
447,ALICEUSDT,HNTUSDT,-3.4,0.04,-3.37,0.66,4
854,BTCUSDT,MANAUSDT,-3.43,0.04,-3.37,53415.45,3
56,1000BTTUSDT,FTMUSDT,-3.94,0.01,-3.37,0.0,3
58,1000BTTUSDT,GALAUSDT,-3.38,0.04,-3.37,0.03,3
1987,RSS3USDT,SOLUSDT,-4.25,0.0,-3.37,0.01,3
2022,RUNEUSDT,SKLUSDT,-4.15,0.0,-3.37,62.1,3
68,1000BTTUSDT,INJUSDT,-4.25,0.0,-3.37,0.0,3
1938,RNDRUSDT,SANDUSDT,-5.12,0.0,-3.37,1.0,3
53,1000BTTUSDT,FILUSDT,-4.64,0.0,-3.37,0.0,3
83,1000BTTUSDT,MASKUSDT,-4.04,0.01,-3.37,0.0,3
114,1000BTTUSDT,STMXUSDT,-4.27,0.0,-3.37,0.17,3
61,1000BTTUSDT,GRTUSDT,-4.16,0.0,-3.37,0.01,3
12,1000BTTUSDT,APEUSDT,-3.97,0.01,-3.37,0.0,3
2006,RSS3USDT,WAVESUSDT,-4.17,0.0,-3.37,0.08,3
14,1000BTTUSDT,APTUSDT,-4.02,0.01,-3.37,0.0,3
103,1000BTTUSDT,ROSEUSDT,-4.68,0.0,-3.37,0.02,3
849,BTCUSDT,INJUSDT,-4.15,0.0,-3.37,12734.96,3
110,1000BTTUSDT,SHIB1000USDT,-4.29,0.0,-3.37,0.08,3
2013,RSS3USDT,XTZUSDT,-4.32,0.0,-3.37,0.14,3
36,1000BTTUSDT,CHZUSDT,-3.68,0.02,-3.37,0.01,3
2086,SUNUSDT,SWEATUSDT,-3.98,0.01,-3.37,0.48,3
853,BTCUSDT,LRCUSDT,-3.47,0.04,-3.37,85822.21,3
1994,RSS3USDT,SWEATUSDT,-5.12,0.0,-3.37,9.78,3
71,1000BTTUSDT,IOTXUSDT,-4.33,0.0,-3.37,0.03,3
1886,REEFUSDT,SKLUSDT,-3.81,0.01,-3.37,0.11,3
812,BSVUSDT,NEARUSDT,-4.24,0.0,-3.37,30.07,3
55,1000BTTUSDT,FLOWUSDT,-3.47,0.03,-3.37,0.0,3
1053,DARUSDT,EGLDUSDT,-3.48,0.03,-3.37,0.0,3
1413,GMXUSDT,RUNEUSDT,-4.88,0.0,-3.37,31.39,3
1403,GMXUSDT,PEOPLEUSDT,-4.91,0.0,-3.37,2003.12,3
709,BELUSDT,SANDUSDT,-3.52,0.03,-3.37,0.97,3
1422,GMXUSDT,SNXUSDT,-4.84,0.0,-3.37,27.11,3
356,AKROUSDT,NEARUSDT,-3.62,0.02,-3.37,0.0,3
1415,GMXUSDT,SANDUSDT,-4.84,0.0,-3.37,100.45,3
1414,GMXUSDT,RVNUSDT,-4.89,0.0,-3.37,2146.0,3
875,BTCUSDT,XTZUSDT,-3.63,0.02,-3.37,22467.3,3
361,AKROUSDT,ONEUSDT,-3.62,0.02,-3.37,0.3,3
1347,GMTUSDT,LDOUSDT,-3.85,0.01,-3.37,0.2,3
1389,GMXUSDT,MASKUSDT,-4.82,0.0,-3.37,18.63,3
976,CREAMUSDT,XNOUSDT,-3.37,0.05,-3.37,16.01,3
1384,GMXUSDT,LRCUSDT,-4.84,0.0,-3.37,212.67,3
1376,GMXUSDT,KNCUSDT,-4.83,0.0,-3.37,87.66,3
1367,GMXUSDT,INJUSDT,-4.83,0.0,-3.37,31.56,3
373,AKROUSDT,RVNUSDT,-3.62,0.02,-3.37,0.16,3
348,AKROUSDT,LTCUSDT,-3.71,0.02,-3.37,0.0,3
1457,GRTUSDT,LDOUSDT,-3.38,0.04,-3.37,0.05,3
1463,GRTUSDT,RUNEUSDT,-3.44,0.04,-3.37,0.04,3
1467,GRTUSDT,STORJUSDT,-3.41,0.04,-3.37,0.23,3
1468,GRTUSDT,SXPUSDT,-4.18,0.0,-3.37,0.29,3
1469,GRTUSDT,UNFIUSDT,-3.75,0.02,-3.37,0.02,3
827,BSVUSDT,XNOUSDT,-3.56,0.03,-3.37,63.7,3
339,AKROUSDT,KNCUSDT,-3.62,0.02,-3.37,0.01,3
336,AKROUSDT,KAVAUSDT,-3.64,0.02,-3.37,0.01,3
331,AKROUSDT,INJUSDT,-3.62,0.02,-3.37,0.0,3
327,AKROUSDT,GMTUSDT,-3.67,0.02,-3.37,0.01,3
1505,HOTUSDT,MANAUSDT,-3.45,0.04,-3.37,0.0,3
1514,HOTUSDT,SANDUSDT,-3.48,0.03,-3.37,0.0,3
1517,HOTUSDT,SKLUSDT,-3.65,0.02,-3.37,0.07,3
1523,HOTUSDT,WAVESUSDT,-3.81,0.01,-3.37,0.0,3
316,AKROUSDT,ETHUSDT,-3.62,0.02,-3.37,0.0,3
308,AKROUSDT,DOTUSDT,-3.65,0.02,-3.37,0.0,3
377,AKROUSDT,SKLUSDT,-3.63,0.02,-3.37,0.14,3
378,AKROUSDT,SNXUSDT,-3.63,0.02,-3.37,0.0,3
297,AKROUSDT,CROUSDT,-3.62,0.02,-3.37,0.05,3
1075,DARUSDT,SXPUSDT,-3.83,0.01,-3.37,0.59,3
559,AVAXUSDT,BSVUSDT,-4.93,0.0,-3.37,0.27,3
1136,DGBUSDT,RVNUSDT,-3.65,0.02,-3.37,0.41,3
1118,DENTUSDT,WOOUSDT,-3.51,0.03,-3.37,0.01,3
1091,DENTUSDT,GALAUSDT,-3.54,0.03,-3.37,0.04,3
1079,DARUSDT,UNFIUSDT,-3.39,0.04,-3.37,0.03,3
1076,DARUSDT,THETAUSDT,-3.68,0.02,-3.37,0.16,3
1073,DARUSDT,SCUSDT,-3.51,0.03,-3.37,52.94,3
1332,FXSUSDT,ZRXUSDT,-4.03,0.01,-3.37,30.4,3
1069,DARUSDT,REQUSDT,-3.51,0.03,-3.37,1.41,3
1068,DARUSDT,QTUMUSDT,-3.66,0.02,-3.37,0.06,3
1065,DARUSDT,PAXGUSDT,-3.55,0.03,-3.37,0.0,3
1061,DARUSDT,NEARUSDT,-6.13,0.0,-3.37,0.09,3
1060,DARUSDT,KLAYUSDT,-4.71,0.0,-3.37,0.78,3
1056,DARUSDT,ICXUSDT,-3.61,0.02,-3.37,0.83,3
1165,DOTUSDT,FXSUSDT,-4.75,0.0,-3.37,0.96,3
1178,DUSKUSDT,OPUSDT,-3.92,0.01,-3.37,0.09,3
1198,EGLDUSDT,XNOUSDT,-4.14,0.0,-3.37,50.54,3
681,BELUSDT,ETCUSDT,-3.46,0.04,-3.37,0.02,3
1243,FITFIUSDT,FXSUSDT,-4.34,0.0,-3.37,0.0,3
444,ALICEUSDT,FXSUSDT,-3.99,0.01,-3.37,0.23,3
1260,FITFIUSDT,MASKUSDT,-3.73,0.02,-3.37,0.01,3
1262,FITFIUSDT,NEARUSDT,-4.0,0.01,-3.37,0.02,3
417,ALGOUSDT,LDOUSDT,-3.4,0.04,-3.37,0.15,3
1278,FITFIUSDT,SOLUSDT,-3.98,0.01,-3.37,0.0,3
408,AKROUSDT,ZRXUSDT,-3.69,0.02,-3.37,0.02,3
405,AKROUSDT,ZECUSDT,-3.69,0.02,-3.37,0.0,3
404,AKROUSDT,YGGUSDT,-3.61,0.02,-3.37,0.02,3
396,AKROUSDT,WOOUSDT,-3.64,0.02,-3.37,0.02,3
1298,FLMUSDT,FXSUSDT,-4.42,0.0,-3.37,0.02,3
1326,FXSUSDT,SCRTUSDT,-3.93,0.01,-3.37,7.53,3
1329,FXSUSDT,SXPUSDT,-3.55,0.03,-3.37,22.75,3
735,BITUSDT,KDAUSDT,-3.76,0.02,-3.37,0.45,3
0,10000NFTUSDT,OCEANUSDT,-3.58,0.03,-3.37,0.02,3
765,BOBAUSDT,ETCUSDT,-3.55,0.03,-3.37,0.01,3
280,AKROUSDT,BNBUSDT,-3.63,0.02,-3.37,0.0,3
1052,DARUSDT,DUSKUSDT,-3.64,0.02,-3.37,1.44,3
887,C98USDT,MASKUSDT,-4.21,0.0,-3.37,0.07,3
1738,MTLUSDT,OPUSDT,-4.71,0.0,-3.37,0.7,3
163,1INCHUSDT,STMXUSDT,-3.51,0.03,-3.37,106.05,3
134,1000BTTUSDT,ZECUSDT,-3.85,0.01,-3.37,0.0,3
1731,MTLUSDT,NEARUSDT,-4.23,0.0,-3.37,0.49,3
1596,JASMYUSDT,LTCUSDT,-4.66,0.0,-3.37,0.0,3
149,1000XECUSDT,SHIB1000USDT,-3.42,0.04,-3.37,2.77,3
209,ACHUSDT,FLMUSDT,-3.62,0.02,-3.37,0.11,3
1598,JASMYUSDT,YFIUSDT,-3.58,0.03,-3.37,0.0,3
271,AKROUSDT,AXSUSDT,-3.63,0.02,-3.37,0.0,3
147,1000XECUSDT,NEARUSDT,-3.54,0.03,-3.37,0.02,3
270,AKROUSDT,AVAXUSDT,-3.65,0.02,-3.37,0.0,3
220,ACHUSDT,LOOKSUSDT,-3.64,0.02,-3.37,0.05,3
916,CELRUSDT,FXSUSDT,-4.15,0.0,-3.37,0.0,3
909,CELOUSDT,MASKUSDT,-3.44,0.04,-3.37,0.22,3
746,BLZUSDT,MATICUSDT,-3.57,0.03,-3.37,0.07,3
127,1000BTTUSDT,WOOUSDT,-3.88,0.01,-3.37,0.0,3
940,CHZUSDT,NEARUSDT,-3.42,0.04,-3.37,0.07,3
131,1000BTTUSDT,XTZUSDT,-3.79,0.01,-3.37,0.0,3
1568,INJUSDT,NEARUSDT,-3.72,0.02,-3.37,0.94,3
1755,MTLUSDT,SKLUSDT,-4.63,0.0,-3.37,32.51,3
790,BSVUSDT,CHZUSDT,-3.58,0.03,-3.37,405.27,3
191,ACHUSDT,ALGOUSDT,-3.53,0.03,-3.37,0.04,3
132,1000BTTUSDT,YFIUSDT,-3.85,0.01,-3.37,0.0,3
1776,MTLUSDT,WAVESUSDT,-3.52,0.03,-3.37,0.51,3
1760,MTLUSDT,STMXUSDT,-4.14,0.0,-3.37,188.56,3
1875,QTUMUSDT,SKLUSDT,-3.45,0.04,-3.37,89.2,3
1791,NEARUSDT,SXPUSDT,-4.15,0.0,-3.37,6.79,3
252,AGLDUSDT,API3USDT,-4.0,0.01,-3.37,0.26,2
34,1000BTTUSDT,CELUSDT,-3.37,0.05,-3.37,0.0,2
1100,DENTUSDT,KNCUSDT,-3.37,0.05,-3.37,0.0,2
689,BELUSDT,HNTUSDT,-3.66,0.02,-3.37,0.24,2
997,CRVUSDT,HNTUSDT,-3.55,0.03,-3.37,0.32,2
983,CRVUSDT,DARUSDT,-3.8,0.01,-3.37,4.41,2
493,ANKRUSDT,HNTUSDT,-3.49,0.03,-3.37,0.01,2
1094,DENTUSDT,HNTUSDT,-3.87,0.01,-3.37,0.0,2
1781,MTLUSDT,XNOUSDT,-4.81,0.0,-3.37,1.04,2
253,AGLDUSDT,CKBUSDT,-4.3,0.0,-3.37,114.76,2
723,BICOUSDT,CELUSDT,-4.58,0.0,-3.37,0.49,2
6,1000BTTUSDT,AAVEUSDT,-4.73,0.0,-3.37,0.0,2
290,AKROUSDT,CELUSDT,-3.63,0.02,-3.37,0.01,2
27,1000BTTUSDT,BNBUSDT,-3.75,0.02,-3.37,0.0,1
2102,TRBUSDT,XNOUSDT,-3.89,0.01,-3.37,18.58,1
491,ANKRUSDT,FXSUSDT,-5.11,0.0,-3.37,0.0,1
791,BSVUSDT,DARUSDT,-3.63,0.02,-3.37,347.69,1
1226,FILUSDT,FXSUSDT,-3.63,0.02,-3.37,0.68,1
686,BELUSDT,FXSUSDT,-4.89,0.0,-3.37,0.08,1
894,C98USDT,SOLUSDT,-3.74,0.02,-3.37,0.01,1
130,1000BTTUSDT,XNOUSDT,-3.42,0.04,-3.37,0.0,1
2105,USDCUSDT,WAVESUSDT,-4.52,0.0,-3.37,0.74,1
1092,DENTUSDT,GALUSDT,-3.46,0.04,-3.37,0.0,1
1792,OCEANUSDT,ZENUSDT,-3.74,0.02,-3.37,0.02,1
2056,SFPUSDT,SOLUSDT,-3.44,0.04,-3.37,0.03,1
1063,DARUSDT,ONTUSDT,-3.9,0.01,-3.37,0.78,1
2107,USDCUSDT,YFIUSDT,-4.45,0.0,-3.37,0.0,1
820,BSVUSDT,SOLUSDT,-3.57,0.03,-3.37,3.53,1
994,CRVUSDT,FXSUSDT,-3.75,0.02,-3.37,0.11,1
4,1000BTTUSDT,1000XECUSDT,-3.78,0.01,-3.37,0.03,1
126,1000BTTUSDT,WAVESUSDT,-4.35,0.0,-3.37,0.0,1
35,1000BTTUSDT,CHRUSDT,-3.88,0.01,-3.37,0.01,1
1790,NEARUSDT,SCRTUSDT,-4.35,0.0,-3.37,2.25,1
37,1000BTTUSDT,COMPUSDT,-4.52,0.0,-3.37,0.0,1
839,BTCUSDT,DARUSDT,-3.44,0.04,-3.37,137590.64,1
7,1000BTTUSDT,ADAUSDT,-4.09,0.01,-3.37,0.0,1
677,BELUSDT,DARUSDT,-3.97,0.01,-3.37,3.29,1
619,BALUSDT,SOLUSDT,-3.52,0.03,-3.37,0.44,1
1898,RENUSDT,SOLUSDT,-3.58,0.03,-3.37,0.01,1
601,BAKEUSDT,FXSUSDT,-3.96,0.01,-3.37,0.03,1
1089,DENTUSDT,ETCUSDT,-3.54,0.03,-3.37,0.0,1
1913,REQUSDT,RSRUSDT,-3.4,0.04,-3.37,29.05,1
622,BANDUSDT,DARUSDT,-3.83,0.01,-3.37,11.77,1
1106,DENTUSDT,NEARUSDT,-3.44,0.04,-3.37,0.0,1
1080,DARUSDT,ZRXUSDT,-3.52,0.03,-3.37,0.79,1
1107,DENTUSDT,OCEANUSDT,-3.83,0.01,-3.37,0.0,1
1108,DENTUSDT,OPUSDT,-3.43,0.04,-3.37,0.0,1
800,BSVUSDT,FXSUSDT,-3.65,0.02,-3.37,8.98,1
1077,DARUSDT,TLMUSDT,-3.48,0.03,-3.37,9.85,1
1841,OPUSDT,SXPUSDT,-3.8,0.01,-3.37,4.77,1
1160,DOGEUSDT,SOLUSDT,-3.58,0.03,-3.37,0.01,1
113,1000BTTUSDT,SOLUSDT,-3.62,0.02,-3.37,0.0,1
156,1INCHUSDT,JASMYUSDT,-3.72,0.02,-3.37,113.47,1
144,1000XECUSDT,EGLDUSDT,-4.49,0.0,-3.37,0.0,1
660,BCHUSDT,FXSUSDT,-3.83,0.01,-3.37,21.14,1
1174,DUSKUSDT,ETCUSDT,-3.8,0.01,-3.37,0.0,1
10,1000BTTUSDT,ALPHAUSDT,-3.43,0.04,-3.37,0.01,1
1072,DARUSDT,SCRTUSDT,-3.84,0.01,-3.37,0.2,1
1071,DARUSDT,RUNEUSDT,-3.59,0.03,-3.37,0.09,1
293,AKROUSDT,CKBUSDT,-3.75,0.02,-3.37,1.3,1
1317,FTMUSDT,ZRXUSDT,-3.66,0.02,-3.37,1.37,1
1777,MTLUSDT,WOOUSDT,-4.15,0.0,-3.37,5.47,1
1478,GTCUSDT,MASKUSDT,-3.47,0.04,-3.37,0.59,1
1411,GMXUSDT,RSRUSDT,-4.91,0.0,-3.37,13968.3,1
1657,LINAUSDT,SKLUSDT,-3.9,0.01,-3.37,0.24,1
1420,GMXUSDT,SKLUSDT,-4.87,0.0,-3.37,1948.35,1
1423,GMXUSDT,SOLUSDT,-4.82,0.0,-3.37,3.46,1
351,AKROUSDT,MASKUSDT,-3.64,0.02,-3.37,0.0,1
350,AKROUSDT,MANAUSDT,-3.63,0.02,-3.37,0.01,1
262,AKROUSDT,ALPHAUSDT,-3.63,0.02,-3.37,0.04,1
712,BELUSDT,SKLUSDT,-5.03,0.0,-3.37,18.78,1
1465,GRTUSDT,SOLUSDT,-3.52,0.03,-3.37,0.0,1
1597,JASMYUSDT,LUNA2USDT,-4.66,0.0,-3.37,0.0,1
1942,RNDRUSDT,SKLUSDT,-4.21,0.0,-3.37,19.34,1
278,AKROUSDT,BITUSDT,-3.63,0.02,-3.37,0.01,1
72,1000BTTUSDT,JASMYUSDT,-3.8,0.01,-3.37,0.18,1
1944,RNDRUSDT,SOLUSDT,-3.4,0.04,-3.37,0.03,1
334,AKROUSDT,JASMYUSDT,-3.68,0.02,-3.37,0.89,1
40,1000BTTUSDT,DARUSDT,-4.07,0.01,-3.37,0.01,1
89,1000BTTUSDT,OCEANUSDT,-3.44,0.04,-3.37,0.0,1
323,AKROUSDT,FXSUSDT,-3.64,0.02,-3.37,0.0,1
322,AKROUSDT,FTMUSDT,-3.63,0.02,-3.37,0.01,1
87,1000BTTUSDT,NEARUSDT,-4.02,0.01,-3.37,0.0,1
1519,HOTUSDT,SOLUSDT,-3.58,0.03,-3.37,0.0,1
944,CKBUSDT,CVXUSDT,-3.95,0.01,-3.37,0.0,1
315,AKROUSDT,ETCUSDT,-3.63,0.02,-3.37,0.0,1
726,BICOUSDT,FLOWUSDT,-3.6,0.02,-3.37,0.4,1
291,AKROUSDT,CHRUSDT,-3.64,0.02,-3.37,0.03,1
945,CKBUSDT,SUNUSDT,-4.74,0.0,-3.37,0.46,1
303,AKROUSDT,DASHUSDT,-3.63,0.02,-3.37,0.0,1
302,AKROUSDT,DARUSDT,-3.63,0.02,-3.37,0.03,1
80,1000BTTUSDT,LTCUSDT,-3.86,0.01,-3.37,0.0,1
82,1000BTTUSDT,MANAUSDT,-4.15,0.0,-3.37,0.0,1
358,AKROUSDT,OCEANUSDT,-3.65,0.02,-3.37,0.02,1
699,BELUSDT,OPUSDT,-4.1,0.01,-3.37,0.41,1
1394,GMXUSDT,NEARUSDT,-4.85,0.0,-3.37,29.46,1
757,BNBUSDT,ETCUSDT,-3.54,0.03,-3.37,14.52,1
41,1000BTTUSDT,DASHUSDT,-4.36,0.0,-3.37,0.0,1
402,AKROUSDT,XTZUSDT,-3.64,0.02,-3.37,0.0,1
400,AKROUSDT,XNOUSDT,-3.62,0.02,-3.37,0.0,1
45,1000BTTUSDT,DOTUSDT,-3.91,0.01,-3.37,0.0,1
395,AKROUSDT,WAVESUSDT,-3.64,0.02,-3.37,0.0,1
988,CRVUSDT,ETCUSDT,-3.43,0.04,-3.37,0.03,1
1314,FTMUSDT,SXPUSDT,-3.47,0.03,-3.37,1.02,1
946,CKBUSDT,TRXUSDT,-4.12,0.0,-3.37,0.04,1
51,1000BTTUSDT,ETCUSDT,-4.0,0.01,-3.37,0.0,1
843,BTCUSDT,FXSUSDT,-4.83,0.0,-3.37,3554.63,1
1319,FXSUSDT,HOTUSDT,-3.45,0.04,-3.37,3233.75,1
52,1000BTTUSDT,ETHUSDT,-3.99,0.01,-3.37,0.0,1
1325,FXSUSDT,RUNEUSDT,-4.27,0.0,-3.37,3.55,1
1758,MTLUSDT,SOLUSDT,-4.16,0.0,-3.37,0.06,1
1328,FXSUSDT,STORJUSDT,-4.0,0.01,-3.37,18.6,1
1918,REQUSDT,SOLUSDT,-3.62,0.02,-3.37,0.01,1
1331,FXSUSDT,ZILUSDT,-3.6,0.02,-3.37,283.71,1
57,1000BTTUSDT,FXSUSDT,-4.16,0.0,-3.37,0.0,1
379,AKROUSDT,SOLUSDT,-3.63,0.02,-3.37,0.0,1
1751,MTLUSDT,SANDUSDT,-4.29,0.0,-3.37,1.68,1
374,AKROUSDT,SANDUSDT,-3.65,0.02,-3.37,0.01,1
1366,GMXUSDT,IMXUSDT,-4.89,0.0,-3.37,103.6,1
1733,MTLUSDT,OCEANUSDT,-4.99,0.0,-3.37,3.99,1
1371,GMXUSDT,JASMYUSDT,-4.99,0.0,-3.37,12084.94,1
363,AKROUSDT,OPUSDT,-3.62,0.02,-3.37,0.0,1
2011,RSS3USDT,XNOUSDT,-5.73,0.0,-3.37,0.16,1
1926,REQUSDT,WAVESUSDT,-4.13,0.0,-3.37,0.06,1
94,1000BTTUSDT,OPUSDT,-3.96,0.01,-3.37,0.0,1
2007,RSS3USDT,WOOUSDT,-4.42,0.0,-3.37,0.82,1
874,BTCUSDT,WAVESUSDT,-4.09,0.01,-3.37,12379.14,1
